REFERENCE_NUMBER,ENTITY_TYPE,FIRST_NAME,SECOND_NAME,THIRD_NAME,FOURTH_NAME,UN_LIST_TYPE,DESIGNATION,NATIONALITY,NATIONALITY2
KPi.033,INDIVIDUAL,RI,WON HO,,,DPRK,DPRK Ministry of State Security Official,Democratic People's Republic of Korea,
KPi.037,INDIVIDUAL,CHANG,CHANG HA,,,DPRK,President of the Second Academy of Natural Sciences (SANS),Democratic People's Republic of Korea,
KPi.038,INDIVIDUAL,CHO,CHUN RYONG,,,DPRK,Chairman of the Second Economic Committee (SEC) ,Democratic People's Republic of Korea ,
QDi.430,INDIVIDUAL,EMRAAN,ALI,,,Al-Qaida,,Trinidad and Tobago,
KPi.034,INDIVIDUAL,JO,YONG CHOL,,,DPRK,DPRK Ministry of State Security Official,Democratic People's Republic of Korea,
KPi.035,INDIVIDUAL,KIM,CHOL SAM,,,DPRK,Representative for Daedong Credit Bank (DCB),Democratic People's Republic of Korea,
KPi.036,INDIVIDUAL,KIM,SOK CHOL,,,DPRK,Acted as the DPRK Ambassador to Burma ,Democratic People's Republic of Korea,
KPi.030,INDIVIDUAL,KIM,SONG CHOL,,,DPRK,,Democratic People's Republic of Korea,
KPi.032,INDIVIDUAL,KIM,SE GON,,,DPRK,,Democratic People's Republic of Korea,
KPi.031,INDIVIDUAL,SON,JONG HYOK,,,DPRK,,Democratic People's Republic of Korea,
KPi.039,INDIVIDUAL,SON,MUN SAN,,,DPRK,"Director-General of the External Affairs Bureau of the General Bureau of
Atomic Energy (GBAE) ",Democratic People's Republic of Korea ,
YEi.001,INDIVIDUAL,ABD,AL-KHALIQ,AL-HOUTHI,,Yemen,Huthi military commander,Yemen,
SOi.020,INDIVIDUAL,MAHAD,KARATE,,,Somalia,,,
QDi.400,INDIVIDUAL,IYAD,NAZMI,SALIH,KHALIL,Al-Qaida,,Jordan,
QDi.343,INDIVIDUAL,ASHRAF,MUHAMMAD,YUSUF,'UTHMAN 'ABD AL-SALAM,Al-Qaida,,Jordan,
IRi.001,INDIVIDUAL,FEREIDOUN,ABBASI-DAVANI,,,Iran,"Senior Ministry of Defence and Armed Forces Logistics (MODAFL)
Scientist",,
TAi.155,INDIVIDUAL,ABDUL AZIZ,ABBASIN,,,Taliban,,,
QDi.012,INDIVIDUAL,NASHWAN,ABD AL-RAZZAQ,ABD AL-BAQI,,Al-Qaida,,Iraq,
IQi.043,INDIVIDUAL,HUMAM,ABD-AL-KHALIQ,ABD-AL-GHAFUR,,Iraq,,Iraq,
QDi.192,INDIVIDUAL,ABD ALLAH,MOHAMED,RAGAB,ABDEL RAHMAN,Al-Qaida,,Egypt,
TAi.121,INDIVIDUAL,AZIZIRAHMAN,ABDUL AHAD,,,Taliban,"Third Secretary, Taliban Embassy, Abu Dhabi, United Arab
Emirates",Afghanistan,
TAi.024,INDIVIDUAL,ABDUL GHANI,BARADAR,ABDUL AHMAD TURK,,Taliban,Deputy Minister of Defence under the Taliban regime,Afghanistan,
TAi.128,INDIVIDUAL,ABDUL QADEER,BASIR,ABDUL BASEER,,Taliban,"Military Attache, Taliban Embassy, Islamabad, Pakistan",Afghanistan,
TAi.100,INDIVIDUAL,NAZIR MOHAMMAD,ABDUL BASIR,,,Taliban,Mayor of Kunduz City,Afghanistan,
QDi.054,INDIVIDUAL,MAJEED,ABDUL CHAUDHRY,,,Al-Qaida,,Pakistan,
TAi.130,INDIVIDUAL,ABDUL GHAFAR,QURISHI,ABDUL GHANI,,Taliban,"Repatriation Attache, Taliban Embassy, Islamabad,
Pakistan",Afghanistan,
TAi.162,INDIVIDUAL,ABDUL SATAR,ABDUL MANAN,,,Taliban,,,
QDi.018,INDIVIDUAL,ABDUL MANAN AGHA,,,,Al-Qaida,,,
TAi.142,INDIVIDUAL,ABDUL HAI,HAZEM,ABDUL QADER,,Taliban,"First Secretary, Taliban Consulate General, Quetta,
Pakistan",Afghanistan,
TAi.105,INDIVIDUAL,AHMAD TAHA,KHALID,ABDUL QADIR,,Taliban,Governor of Paktia Province under the Taliban regime,Afghanistan,
TAi.080,INDIVIDUAL,SAYED ESMATULLAH,ASEM,ABDUL QUDDUS,,Taliban,"Deputy Minister of Preventing Vice and Propagating Virtue under the
Taliban regime",Afghanistan,
QDi.295,INDIVIDUAL,MUHAMMAD,JIBRIL,ABDUL RAHMAN,,Al-Qaida,,Indonesia,
QDi.229,INDIVIDUAL,ALY,SOLIMAN,MASSOUD,ABDUL SAYED,Al-Qaida,,Libya,
TAi.008,INDIVIDUAL,SHAMS,UR-RAHMAN,ABDUL ZAHIR,,Taliban,Deputy Minister of Agriculture under the Taliban regime,Afghanistan,
TAi.145,INDIVIDUAL,AMIR,ABDULLAH,,,Taliban,Former Kandahar Province Deputy Taliban Governor,Afghanistan,
QDi.309,INDIVIDUAL,ABDUR REHMAN,,,,Al-Qaida,,Pakistan,
QDi.363,INDIVIDUAL,MAGHOMED,MAGHOMEDZAKIROVICH,ABDURAKHMANOV,,Al-Qaida,,Russian Federation,
QDi.086,INDIVIDUAL,MOHAMAD,IQBAL,ABDURRAHMAN,,Al-Qaida,,Indonesia,
QDi.414,INDIVIDUAL,ABDULPATTA,ESCALON,ABUBAKAR,,Al-Qaida,,Philippines,
TAi.160,INDIVIDUAL,ABDUL SAMAD,ACHEKZAI,,,Taliban,,Afghanistan,
TAi.167,INDIVIDUAL,ADAM KHAN,ACHEKZAI,,,Taliban,,Pakistan,
QDi.304,INDIVIDUAL,MOCHAMMAD,ACHWAN,,,Al-Qaida,,Indonesia,
CFi.002,INDIVIDUAL,NOURREDINE,ADAM,,,CAR,General,Central African Republic,
SOi.018,INDIVIDUAL,ABUKAR,ALI,ADAN,,Somalia,Deputy leader of Al-Shabaab ,,
MLi.004,INDIVIDUAL,AHMED,AG ALBACHAR,,,Mali,President of the Humanitarian Commission of the Bureau Regional d’Administration et Gestion de Kidal ,Mali,
MLi.005,INDIVIDUAL,HOUKA,HOUKA,AG ALHOUSSEINI,,Mali,,Mali,
QDi.316,INDIVIDUAL,IYAD,AG GHALI,,,Al-Qaida,,Mali,
QDi.424,INDIVIDUAL,BAH,AG MOUSSA,,,Al-Qaida,,Mali,
TAi.114,INDIVIDUAL,ABDUL RAHMAN,AGHA,,,Taliban,"Chief Justice of Military Court under the Taliban
regime",Afghanistan,
TAi.156,INDIVIDUAL,AHMAD,ZIA,AGHA,,Taliban,,,
TAi.091,INDIVIDUAL,JANAN,AGHA,,,Taliban,Governor of Faryab Province under the Taliban regime,Afghanistan,
TAi.057,INDIVIDUAL,SAYED,MOHAMMAD,AZIM,AGHA,Taliban,"Director of the Passport and Visa Department in the Ministry of
Interior under the Taliban regime",Afghanistan,
TAi.072,INDIVIDUAL,SAYYED GHIASSOUDDINE,AGHA,,,Taliban,"Minister of Haj and Religious Affairs under the Taliban
regime",Afghanistan,
TAi.174,INDIVIDUAL,TOREK,AGHA,,,Taliban,,,
IRi.003,INDIVIDUAL,AZIM,AGHAJANI,,,Iran,"Member of the IRGC-Qods Force operating under the direction of Qods
Force Commander, Major General Qasem Soleimani, who was designated by the UN Security
Council in resolution 1747 (2007)",Iran (Islamic Republic of),
QDi.203,INDIVIDUAL,FARHAD,KANABI,AHMAD,,Al-Qaida,,Iraq,
IQi.080,INDIVIDUAL,MUHAMMAD,YUNIS,AHMAD,,Iraq,,Iraq,
QDi.226,INDIVIDUAL,NAJMUDDIN,FARAJ,AHMAD,,Al-Qaida,,Iraq,
QDi.237,INDIVIDUAL,JABER,ABDALLAH,JABER,AHMAD AL-JALAHMAH,Al-Qaida,,Kuwait,
TAi.031,INDIVIDUAL,MOHAMMAD,AHMADI,,,Taliban,"President of Central Bank (Da Afghanistan Bank) under the Taliban
regime",Afghanistan,
IRi.004,INDIVIDUAL,ALI AKBAR,AHMADIAN,,,Iran,Vice Admiral,,
SOi.012,INDIVIDUAL,ABUBAKER,SHARIFF,AHMED,,Somalia,,,
IQi.073,INDIVIDUAL,ADNAN,S.,HASAN,AHMED,Iraq,,Iraq,
QDi.014,INDIVIDUAL,TARIQ,ANWAR,EL SAYED,AHMED,Al-Qaida,,Egypt,
QDi.193,INDIVIDUAL,ZAKI,EZAT,ZAKI,AHMED,Al-Qaida,,Egypt,
TAi.159,INDIVIDUAL,AHMED JAN,WAZIR,AKHTAR MOHAMMAD,,Taliban,"Official of the Ministry of Finance during the Taliban
regime",,
TAi.149,INDIVIDUAL,SALEH,MOHAMMAD,KAKAR,AKHTAR MUHAMMAD,Taliban,,Afghanistan,
TAi.094,INDIVIDUAL,ABDUL BARI,AKHUND,,,Taliban,Governor of Helmand Province under the Taliban regime,Afghanistan,
TAi.009,INDIVIDUAL,ATTIQULLAH,AKHUND,,,Taliban,Deputy Minister of Agriculture under the Taliban regime,Afghanistan,
TAi.158,INDIVIDUAL,MOHAMMAD,AMAN,AKHUND,,Taliban,,,
TAi.002,INDIVIDUAL,MOHAMMAD,HASSAN,AKHUND,,Taliban,"First Deputy, Council of Ministers under the Taliban regime",Afghanistan,
TAi.066,INDIVIDUAL,MOHAMMAD ABBAS,AKHUND,,,Taliban,Mayor of Kandahar under the Taliban regime,Afghanistan,
TAi.060,INDIVIDUAL,MOHAMMAD ESSA,AKHUND,,,Taliban,"Minister of Water, Sanitation and Electricity under the Taliban
regime",Afghanistan,
TAi.109,INDIVIDUAL,AHMAD JAN,AKHUNDZADA,SHUKOOR,AKHUNDZADA,Taliban,"Governor of Zabol and Uruzgan Provinces under the Taliban
regime",Afghanistan,
TAi.083,INDIVIDUAL,EHSANULLAH,SARFIDA,HESAMUDDIN,AKHUNDZADA,Taliban,"Deputy Minister of Security (Intelligence) under the Taliban
regime",Afghanistan,
TAi.101,INDIVIDUAL,MOHAMMAD ESHAQ,AKHUNZADA,,,Taliban,Governor of Laghman Province under the Taliban regime,Afghanistan,
QDi.313,INDIVIDUAL,DJAMEL,AKKACHA,,,Al-Qaida,,Algeria,
QDi.325,INDIVIDUAL,ABOU,MOHAMED,AL ADNANI,,Al-Qaida,,Iraq,
QDi.328,INDIVIDUAL,HAJJAJ,BIN,FAHD,AL AJMI,Al-Qaida,,Kuwait,
QDi.324,INDIVIDUAL,ABDUL MOHSEN,ABDALLAH,IBRAHIM,AL CHAREKH,Al-Qaida,,Saudi Arabia,
QDi.228,INDIVIDUAL,MOHAMMED,AL GHABRA,,,Al-Qaida,,United Kingdom of Great Britain and Northern Ireland,
QDi.429,INDIVIDUAL,MOHAMMAD,ALI,AL HABBO,,Al-Qaida,,Syrian Arab Republic,
YEi.002,INDIVIDUAL,ABDULLAH,YAHYA,AL HAKIM,,Yemen,Huthi group second-in-command,Yemen,
QDi.327,INDIVIDUAL,ABDELRAHMAN,MOUHAMAD ZAFIR,AL DABIDI,AL JAHANI,Al-Qaida,,Saudi Arabia,
QDi.420,INDIVIDUAL,TAHA,IBRAHIM,ABDALLAH BAKR,AL KHUWAYT,Al-Qaida,,Iraq,
LYi.005,INDIVIDUAL,AMID,HUSAIN,AL KUNI,,Libya,Governor of Ghat (South Libya),,
LYi.004,INDIVIDUAL,QUREN,SALIH,QUREN,AL QADHAFI,Libya,Libyan Ambassador to Chad,,
IQi.074,INDIVIDUAL,MUNIR,AL QUBAYSI,,,Iraq,,Iraq,
YEi.007,INDIVIDUAL,SALEH,MESFER,SALEH,AL SHAER,Yemen,"Major General, ‘Judicial Custodian’ of properties and funds owned by
                Houthis’ opponents",Yemen,
QDi.361,INDIVIDUAL,AMRU,AL-ABSI,,,Al-Qaida,,,
QDi.338,INDIVIDUAL,SHAFI,SULTAN,MOHAMMED,AL-AJMI,Al-Qaida,,Kuwait,
QDi.236,INDIVIDUAL,HAMID,ABDALLAH,AHMAD,AL-ALI,Al-Qaida,,Kuwait,
QDi.092,INDIVIDUAL,MEHREZ,BEN MAHMOUD,BEN SASSI,AL-AMDOUNI,Al-Qaida,,Tunisia,
QDi.389,INDIVIDUAL,ABU UBAYDAH,YUSUF,AL-ANABI,,Al-Qaida,,Algeria,
IQi.076,INDIVIDUAL,ADIB,SHABAN,AL-ANI,,Iraq,,Iraq,
QDi.060,INDIVIDUAL,MOHAMED,BEN BELGACEM,BEN ABDALLAH,AL-AOUADI,Al-Qaida,,Tunisia,
QDi.291,INDIVIDUAL,IBRAHIM,HASSAN,TALI,AL-ASIRI,Al-Qaida,,Saudi Arabia,
QDi.283,INDIVIDUAL,ANWAR,NASSER,ABDULLA,AL-AULAQI,Al-Qaida,,United States of America,
IQi.028,INDIVIDUAL,HIKMAT,MIZBAN,IBRAHIM,AL-AZZAWI,Iraq,,Iraq,
LYi.001,INDIVIDUAL,ABDULQADER,MOHAMMED,AL-BAGHDADI,,Libya,"Head of the Liaison Office of the Revolutionary
Committees",,
QDi.344,INDIVIDUAL,IBRAHIM,'ISA HAJJI,MUHAMMAD,AL-BAKR,Al-Qaida,,Qatar,
LYi.019,INDIVIDUAL,SAFIA,FARKASH,AL-BARASSI,,Libya,,,
QDi.231,INDIVIDUAL,SALEM,NOR ELDIN,AMOHAMED,AL-DABSKI,Al-Qaida,,Libya,
QDi.278,INDIVIDUAL,MUTHANNA,HARITH,AL-DARI,,Al-Qaida,,Iraq,
QDi.149,INDIVIDUAL,NOUREDDINE,BEN ALI,BEN BELKASSEM,AL-DRISSI,Al-Qaida,,Tunisia,
IQi.006,INDIVIDUAL,IZZAT,IBRAHIM,AL-DURI,,Iraq,,Iraq,
IQi.068,INDIVIDUAL,JAWHAR,MAJID,AL-DURI,,Iraq,,Iraq,
QDi.379,INDIVIDUAL,ABD AL-AZIZ,ADAY,ZIMIN,AL-FADHIL,Al-Qaida,,,
QDi.059,INDIVIDUAL,KHALID,ABD AL-RAHMAN,HAMD,AL-FAWAZ,Al-Qaida,,Saudi Arabia,
YEi.008,INDIVIDUAL,MUHAMMAD,ABD AL-KARIM,AL-GHAMARI,,Yemen,"Major General, Houthi Chief of General Staff ",Yemen,
QDi.292,INDIVIDUAL,OTHMAN,AHMED,OTHMAN,AL-GHAMDI,Al-Qaida,,Saudi Arabia,
QDi.332,INDIVIDUAL,IBRAHIM,SULEIMAN,HAMAD,AL-HABLAIN,Al-Qaida,,Saudi Arabia,
QDi.140,INDIVIDUAL,KAMAL,BEN MAOELDI,BEN HASSAN,AL-HAMRAOUI,Al-Qaida,,Tunisia,
QDi.399,INDIVIDUAL,BASSAM,AHMAD,AL-HASRI,,Al-Qaida,,Syrian Arab Republic,
YEi.004,INDIVIDUAL,ABDULMALIK,AL-HOUTHI,,,Yemen,,,
QDi.317,INDIVIDUAL,ABU MOHAMMED,AL-JAWLANI,,,Al-Qaida,,Syrian Arab Republic,
IQi.020,INDIVIDUAL,TAHA,YASSIN,RAMADAN,AL-JIZRAWI,Iraq,,Iraq,
QDi.337,INDIVIDUAL,MAYSAR ALI,MUSA,ABDALLAH,AL-JUBURI,Al-Qaida,,Iraq,
QDi.382,INDIVIDUAL,SA'D,BIN SA'D,MUHAMMAD SHARIYAN,AL-KA'BI,Al-Qaida,,Qatar,
QDi.318,INDIVIDUAL,MUHAMMAD,JAMAL,ABD-AL RAHIM AHMAD,AL-KASHIF,Al-Qaida,,Egypt,
QDi.380,INDIVIDUAL,ABD AL-LATIF,BIN ABDALLAH,SALIH MUHAMMAD,AL-KAWARI,Al-Qaida,,Qatar,
IQi.048,INDIVIDUAL,MUHSIN,KHADR,AL-KHAFAJI,,Iraq,,Iraq,
QDi.412,INDIVIDUAL,UMAR,MAHMUD,IRHAYYIM,AL-KUBAYSI,Al-Qaida,,Iraq,
QDi.177,INDIVIDUAL,HABIB,BEN,AHMED,AL-LOUBIRI,Al-Qaida,,Tunisia,
QDi.074,INDIVIDUAL,TAREK,BEN HABIB,BEN AL-TOUMI,AL-MAAROUFI,Al-Qaida,,Tunisia,
YEi.009,INDIVIDUAL,YUSUF,AL-MADANI,,,Yemen,Commander of the Houthi’s Fifth Military Region ,Yemen,
QDi.411,INDIVIDUAL,SALIM,MUSTAFA,MUHAMMAD,AL-MANSUR,Al-Qaida,,Iraq,
IQi.046,INDIVIDUAL,SAIF-AL-DIN,AL-MASHHADANI,,,Iraq,,Iraq,
QDi.320,INDIVIDUAL,ABD-AL-HAMID,AL-MASLI,,,Al-Qaida,,Libya,
QDi.330,INDIVIDUAL,AZZAM,ABDULLAH,ZUREIK,AL-MAULID AL-SUBHI,Al-Qaida,,Saudi Arabia,
QDi.276,INDIVIDUAL,AKRAM,TURKI,HISHAN,AL-MAZIDIH,Al-Qaida,,,
QDi.277,INDIVIDUAL,GHAZY,FEZZA,HISHAN,AL-MAZIDIH,Al-Qaida,,,
IQi.054,INDIVIDUAL,KHAMIS,SIRHAN,AL-MUHAMMAD,,Iraq,,Iraq,
QDi.377,INDIVIDUAL,MUHANNAD,AL-NAJDI,,,Al-Qaida,,Saudi Arabia,
QDi.334,INDIVIDUAL,‘ABD AL-RAHMAN,BIN ‘UMAYR,AL-NU’AYMI,,Al-Qaida,,Qatar,
QDi.273,INDIVIDUAL,FAZEEL-A-TUL,SHAYKH ABU MOHAMMED,AMEEN,AL-PESHAWARI,Al-Qaida,,Afghan,
QDi.339,INDIVIDUAL,‘ABD AL-RAHMAN,MUHAMMAD,MUSTAFA,AL-QADULI,Al-Qaida,,Iraq,
QDi.432,INDIVIDUAL,ASHRAF,AL-QIZANI,,,Al-Qaida,,Tunisia,
IQi.070,INDIVIDUAL,NIDAL,AL-RABI'I,,,Iraq,,Iraq,
IQi.030,INDIVIDUAL,AYAD,FUTAYYIH,KHALIFA,AL-RAWI,Iraq,,Iraq,
IQi.014,INDIVIDUAL,SAIF-AL-DIN,FULAYYIH,HASSAN TAHA,AL-RAWI,Iraq,,Iraq,
QDi.282,INDIVIDUAL,QASIM,MOHAMED,MAHDI,AL-RIMI,Al-Qaida,,Yemen,
QDi.369,INDIVIDUAL,MU’TASSIM,YAHYA,‘ALI,AL-RUMAYSH,Al-Qaida,,Yemen,
IQi.032,INDIVIDUAL,AMIR,HAMUDI,HASSAN,AL-SA'DI,Iraq,,Iraq,
QDi.415,INDIVIDUAL,ADNAN,ABOU WALID,AL-SAHRAOUI,,Al-Qaida,,,
LYi.018,INDIVIDUAL,ABDULLAH,AL-SENUSSI,,,Libya,Director Military Intelligence,,
QDi.381,INDIVIDUAL,HAMAD,AWAD,DAHI SARHAN,AL-SHAMMARI,Al-Qaida,,Kuwait,
QDi.384,INDIVIDUAL,ALI MUSA,AL-SHAWAKH,,,Al-Qaida,,Syrian Arab Republic,
QDi.385,INDIVIDUAL,HASAN,AL-SALAHAYN,SALIH,AL-SHA’ARI,Al-Qaida,,Libya,
IQi.027,INDIVIDUAL,SULTAN,HASHIM,AHMAD,AL-TA'I,Iraq,,Iraq,
IQi.004,INDIVIDUAL,ABID,HAMID,MAHMUD,AL-TIKRITI,Iraq,,Iraq,
IQi.005,INDIVIDUAL,ALI,HASSAN,AL-MAJID,AL-TIKRITI,Iraq,,Iraq,
IQi.061,INDIVIDUAL,ALI,SADDAM,HUSSEIN,AL-TIKRITI,Iraq,,Iraq,
IQi.011,INDIVIDUAL,BARZAN,ABD AL-GHAFUR,SULAIMAN MAJID,AL-TIKRITI,Iraq,,Iraq,
IQi.038,INDIVIDUAL,BARZAN,IBRAHIM,HASSAN,AL-TIKRITI,Iraq,,Iraq,
IQi.059,INDIVIDUAL,HALA,SADDAM,HUSSEIN,AL-TIKRITI,Iraq,,Iraq,
IQi.017,INDIVIDUAL,HAMID,RAJA,SHALAH,AL-TIKRITI,Iraq,,Iraq,
IQi.007,INDIVIDUAL,HANI,ABD-AL-LATIF,TILFAH,AL-TIKRITI,Iraq,,Iraq,
IQi.013,INDIVIDUAL,IBRAHIM,AHMAD ABD AL-SATTAR,MUHAMMED,AL-TIKRITI,Iraq,,Iraq,
IQi.022,INDIVIDUAL,JAMAL,MUSTAFA ABDALLAH,SULTAN,AL-TIKRITI,Iraq,,Iraq,
IQi.012,INDIVIDUAL,MUZAHIM,SA'B,HASSAN,AL-TIKRITI,Iraq,,Iraq,
IQi.002,INDIVIDUAL,QUSAY,SADDAM,HUSSEIN,AL-TIKRITI,Iraq,,Iraq,
IQi.015,INDIVIDUAL,RAFI,ABD-AL-LATIF,TILFAH,AL-TIKRITI,Iraq,,Iraq,
IQi.057,INDIVIDUAL,RAGHAD,SADDAM,HUSSEIN,AL-TIKRITI,Iraq,,Iraq,
IQi.058,INDIVIDUAL,RANA,SADDAM,HUSSEIN,AL-TIKRITI,Iraq,,Iraq,
IQi.021,INDIVIDUAL,RUKAN,RAZUKI,ABD-AL-GHAFUR SULAIMAN,AL-TIKRITI,Iraq,,Iraq,
IQi.055,INDIVIDUAL,SA'D,ABD-AL-MAJID,AL-FAISAL,AL-TIKRITI,Iraq,,Iraq,
IQi.036,INDIVIDUAL,SAB'AWI,IBRAHIM,HASSAN,AL-TIKRITI,Iraq,,Iraq,
IQi.001,INDIVIDUAL,SADDAM,HUSSEIN,AL-TIKRITI,,Iraq,,Iraq,
IQi.016,INDIVIDUAL,TAHIR,JALIL,HABBUSH,AL-TIKRITI,Iraq,,Iraq,
IQi.003,INDIVIDUAL,UDAY,SADDAM,HUSSEIN,AL-TIKRITI,Iraq,,Iraq,
IQi.026,INDIVIDUAL,WALID,HAMID,TAWFIQ,AL-TIKRITI,Iraq,,Iraq,
IQi.037,INDIVIDUAL,WATBAN,IBRAHIM,HASSAN,AL-TIKRITI,Iraq,,Iraq,
SOi.003,INDIVIDUAL,HASSAN,ABDULLAH,HERSI,AL-TURKI,Somalia,,Somalia,
IQi.051,INDIVIDUAL,GHAZI,HAMMUD,AL-UBAIDI,,Iraq,,Iraq,
IQi.044,INDIVIDUAL,YAHIA,ABDALLAH,AL-UBAIDI,,Iraq,,Iraq,
IQi.071,INDIVIDUAL,INTISSAR,AL-UBAYDI,,,Iraq,,Iraq,
QDi.015,INDIVIDUAL,MAHFOUZ,OULD,AL-WALID,,Al-Qaida,,Mauritania,
QDi.329,INDIVIDUAL,AHMED,ABDULLAH,SALEH AL-KHAZMARI,AL-ZAHRANI,Al-Qaida,,Saudi Arabia,
QDi.392,INDIVIDUAL,FAYSAL,AHMAD,BIN ALI,AL-ZAHRANI,Al-Qaida,,Saudi Arabia,
QDi.401,INDIVIDUAL,GHALIB,ABDULLAH,AL-ZAIDI,,Al-Qaida,,Yemen,
QDi.006,INDIVIDUAL,AIMAN,MUHAMMED,RABI,AL-ZAWAHIRI,Al-Qaida,,Egypt,
QDi.156,INDIVIDUAL,ABD-AL-MAJID,AZIZ,AL-ZINDANI,,Al-Qaida,,Yemen,
IQi.050,INDIVIDUAL,UGLA,ABID,SAKR,AL-ZUBAISI,Iraq,,Iraq,
QDi.326,INDIVIDUAL,HAMID,HAMAD,HAMID,AL-‘ALI,Al-Qaida,,Kuwait,
QDi.335,INDIVIDUAL,‘ABD AL-RAHMAN,KHALAF,‘UBAYD JUDAY’,AL-‘ANIZI,Al-Qaida,,Kuwait,
QDi.154,INDIVIDUAL,SULAIMAN,JASSEM,SULAIMAN,ALI ABO GHAITH,Al-Qaida,,Kuwaiti citizenship withdrawn in 2002,
QDi.299,INDIVIDUAL,IBRAHIM,AWWAD,IBRAHIM,ALI AL-BADRI AL-SAMARRAI,Al-Qaida,,Iraq,
QDi.296,INDIVIDUAL,MATI UR-REHMAN,ALI MUHAMMAD,,,Al-Qaida,,Pakistan,
TAi.148,INDIVIDUAL,ABDUL HABIB,ALIZAI,,,Taliban,,Afghanistan,
QDi.370,INDIVIDUAL,TARAD,MOHAMMAD,Alnori Alfares,ALJARBA,Al-Qaida,,Saudi Arabia,
TAi.143,INDIVIDUAL,HAMDULLAH,ALLAH NOOR,,,Taliban,"Repatriation Attache, Taliban Consulate General, Quetta,
Pakistan",Afghanistan,
SDi.002,INDIVIDUAL,MUSA,HILAL,ABDALLA,ALNSIEM,Sudan,formerly Member of the National Assembly of Sudan from Al-Waha district ,Sudan,
QDi.076,INDIVIDUAL,ISAM,ALI,MOHAMED,ALOUCHE,Al-Qaida,,Jordan,
QDi.422,INDIVIDUAL,MOHAMMED,MASOOD,AZHAR,ALVI,Al-Qaida,,Pakistan,
TAi.136,INDIVIDUAL,MOHAMMAD SADIQ,AMIR MOHAMMAD,,,Taliban,"Head of Afghan Trade Agency, Peshawar, Pakistan",Afghanistan,
QDi.152,INDIVIDUAL,SAIFI,AMMARI,,,Al-Qaida,,Algeria,
IQi.039,INDIVIDUAL,HUDA,SALIH,MAHDI,AMMASH,Iraq,,Iraq,
SSi.008,INDIVIDUAL,PAUL,MALONG,AWAN,ANEI,SouthSudan,Former Chief of Staff of the Sudan People’s Liberation Army (SPLA),South Sudan,
QDi.216,INDIVIDUAL,ABDULLAH,ANSHORI,,,Al-Qaida,,Indonesia,
TAi.005,INDIVIDUAL,MUHAMMAD,TAHER,ANWARI,,Taliban,"a) Director of Administrative Affairs under the Taliban
regime",Afghanistan,
QDi.323,INDIVIDUAL,SAID,ARIF,,,Al-Qaida,,Algeria,
QDi.398,INDIVIDUAL,RUSTAM,MAGOMEDOVICH,ASELDEROV,,Al-Qaida,,Russian Federation,
QDi.184,INDIVIDUAL,MUHSIN,FADHIL,AYED,ASHOUR AL-FADHLI,Al-Qaida,,Kuwait,
QDi.265,INDIVIDUAL,HAJI,MUHAMMAD,ASHRAF,,Al-Qaida,,Pakistan,
QDi.364,INDIVIDUAL,ISLAM,SEIT-UMAROVICH,ATABIEV,,Al-Qaida,,Russian Federation,
SOi.004,INDIVIDUAL,AHMED,ABDI,AW-MOHAMED,,Somalia,,Somalia,
TAi.038,INDIVIDUAL,ABDUL BAQI,BASIR,AWAL SHAH,,Taliban,"Governor of Khost and Paktika provinces under the Taliban
regime",Afghanistan,
SOi.002,INDIVIDUAL,HASSAN,DAHIR,AWEYS,,Somalia,,Somalia,
QDi.042,INDIVIDUAL,HASSAN,DAHIR,AWEYS,,Al-Qaida,,Somalia,
QDi.248,INDIVIDUAL,RICARDO,PEREZ,AYERAS,,Al-Qaida,,Philippines,
SOi.019,INDIVIDUAL,MAALIM,AYMAN,,,Somalia,"Founder and leader of Jaysh Ayman, an al-Shabaab unit conducting attacks
                and operations in Kenya and Somalia",,
TAi.104,INDIVIDUAL,MOHAMMAD RASUL,AYYUB,,,Taliban,Governor of Nimroz Province under the Taliban regime,Afghanistan,
IQi.025,INDIVIDUAL,TARIQ,AZIZ,,,Iraq,,Iraq,
QDi.371,INDIVIDUAL,ABD AL-BASET,AZZOUZ,,,Al-Qaida,,Libya,
IQi.069,INDIVIDUAL,Sundus,Abd Al-Ghafur,,,Iraq,,Iraq,
LYi.022,INDIVIDUAL,Fitiwi,Abdelrazak,,,Libya,Leader of a transnational trafficking network,Eritrea,
SOi.017,INDIVIDUAL,Abdifatah,Abubakar,Abdi,,Somalia,,Somalia,
LYi.021,INDIVIDUAL,Ermias,Alem,,,Libya,Leader of a transnational trafficking network,Eritrea,
SOi.016,INDIVIDUAL,Ahmad,Iman,Ali,,Somalia,,Kenya,
QDi.404,INDIVIDUAL,Muhammad,Bahrum,Naim,Anggih Tamtomo,Al-Qaida,,Indonesia,
MLi.001,INDIVIDUAL,Ahmoudou,Ag,Asriw,,Mali,,Mali,
QDi.305,INDIVIDUAL,ABDUL,ROSYID,RIDHO,BA'ASYIR,Al-Qaida,,Indonesia,
QDi.217,INDIVIDUAL,ABU BAKAR,BA'ASYIR,,,Al-Qaida,,Indonesia,
QDi.293,INDIVIDUAL,ABDUL RAHIM,BA'AYSIR,,,Al-Qaida,,Indonesia,
CDi.001,INDIVIDUAL,ERIC,BADEGE,,,DRC,,Democratic Republic of the Congo,
QDi.080,INDIVIDUAL,SAID,BAHAJI,,,Al-Qaida,,Germany,
QDi.266,INDIVIDUAL,MAHMOUD,MOHAMMAD,AHMED,BAHAZIQ,Al-Qaida,,Saudi Arabia,
IRi.009,INDIVIDUAL,BAHMANYAR MORTEZA,BAHMANYAR,,,Iran,"Head of Finance and Budget Department of the Aerospace Industries
Organization (AIO).",Iran,
CDi.036,INDIVIDUAL,SEKA,BALUKU,,,DRC,"Overall leader of the Allied Democratic Forces (ADF)
                (CDe.001).",Uganda,
QDi.311,INDIVIDUAL,AYYUB,BASHIR,,,Al-Qaida,,Uzbekistan,
QDi.055,INDIVIDUAL,MAHMOOD,SULTAN,BASHIR-UD-DIN,,Al-Qaida,,Pakistan,
QDi.345,INDIVIDUAL,TARKHAN,TAYUMURAZOVICH,BATIRASHVILI,,Al-Qaida,,Georgia,
QDi.279,INDIVIDUAL,MOHAMED,BELKALEM,,,Al-Qaida,,Algerian,
QDi.136,INDIVIDUAL,MOKHTAR,BELMOKHTAR,,,Al-Qaida,,Algeria,
QDi.375,INDIVIDUAL,BOUBAKER,BEN HABIB,BEN AL-HAKIM,,Al-Qaida,,France,
MLi.006,INDIVIDUAL,MAHRI,SIDI,AMAR,BEN DAHA,Mali,Deputy chief of staff of the regional coordination of the Mécanisme opérationnel de coordination (MOC) in Gao ,Mali,
QDi.355,INDIVIDUAL,SOFIANE,BEN GOUMO,,,Al-Qaida,,Libya,
QDi.333,INDIVIDUAL,SEIFALLAH,BEN OMAR,BEN MOHAMED,BEN HASSINE,Al-Qaida,,Tunisia,
QDi.386,INDIVIDUAL,MOUNIR,BEN DHAOU,BEN BRAHIM,BEN HELAL,Al-Qaida,,Tunisia,
QDi.388,INDIVIDUAL,SALIM,BENGHALEM,,,Al-Qaida,,France,
QDi.307,INDIVIDUAL,HAFIZ,ABDUL SALAM,BHUTTAVI,,Al-Qaida,,Pakistan,
QDi.421,INDIVIDUAL,HAMZA,USAMA,MUHAMMAD,BIN LADEN,Al-Qaida,,,
QDi.009,INDIVIDUAL,BILAL,BIN MARWAN,,,Al-Qaida,,,
QDi.417,INDIVIDUAL,MOHAMAD,RAFI,BIN UDIN,,Al-Qaida,,Malaysia,
QDi.081,INDIVIDUAL,RAMZI,MOHAMED,ABDULLAH,BINALSHIBH,Al-Qaida,,Yemen,
KPi.016,INDIVIDUAL,JANG,BOM SU,,,DPRK,Tanchon Commercial Bank Representative in Syria ,Democratic People's Republic of Korea,
KPi.073,INDIVIDUAL,PAK,BONG NAM,,,DPRK,Pak Bong Nam is an overseas Ilsim International Bank representative,Democratic People's Republic of Korea,
QDi.188,INDIVIDUAL,FAYCAL,BOUGHANEMI,,,Al-Qaida,,Tunisia,
QDi.058,INDIVIDUAL,BOUBEKEUR,BOULGHITI,,,Al-Qaida,,Algeria,
QDi.143,INDIVIDUAL,HAMADI,BEN ABDUL AZIZ,BEN ALI,BOUYEHIA,Al-Qaida,,Tunisia,
CFi.001,INDIVIDUAL,FRANÇOIS,YANGOUVONDA,BOZIZÉ,,CAR,,Central African Republic,
CDi.002,INDIVIDUAL,FRANK KAKOLELE,BWAMBALE,,,DRC,FARDC General ,Democratic Republic of the Congo,
KPi.047,INDIVIDUAL,MIN,BYONG CHOL,,,DPRK,"Member of the Worker’s Party of Korea’s Organization and Guidance
Department, which directs key personnel appointments for the Workers’ Party of Korea
and the DPRK’s military ",Democratic People's Republic of Korea,
QDi.396,INDIVIDUAL,ASLAN,AVGAZAROVICH,BYUTUKAEV,,Al-Qaida,,Russian Federation,
LYi.028,INDIVIDUAL,Salah,Badi,,,Libya,"Senior commander of the armed anti-GNA Al-Somood front, also known as Fakhr or ‘Pride of Libya’, and the Misratan Al Marsa Central Shield brigade",,
QDi.405,INDIVIDUAL,Malik,Ruslanovich,Barkhanoev,,Al-Qaida,,Russian Federation,
SOi.001,INDIVIDUAL,Yasin,Ali,Baynah,,Somalia,,Somalia,
GBi.001,INDIVIDUAL,IBRAIMA,CAMARÁ,,,GB,Brigadier General,Guinea-Bissau,
KPi.011,INDIVIDUAL,KO,CH'O'L-CHAE,,,DPRK,"Deputy Chief Representative for the Korea Mining Development Trading
Corporation (KOMID)",Democratic People's Republic of Korea,
KPi.006,INDIVIDUAL,PAEK,CHANG-HO,,,DPRK,"Senior official and head of the satellite control center of Korean
Committee for Space Technology",Democratic People's Republic of Korea,
QDi.365,INDIVIDUAL,AKHMED,RAJAPOVICH,CHATAEV,,Al-Qaida,,Russian Federation,
QDi.312,INDIVIDUAL,AAMIR,ALI,CHAUDHRY,,Al-Qaida,,Pakistan,
QDi.070,INDIVIDUAL,YASSINE,CHEKKOURI,,,Al-Qaida,,Morocco,
QDi.376,INDIVIDUAL,PETER,CHERIF,,,Al-Qaida,,France,
KPi.010,INDIVIDUAL,YO'N,CHO'NG NAM,,,DPRK,"Chief Representative for the Korea Mining Development Trading
Corporation (KOMID)",Democratic People's Republic of Korea,
KPi.012,INDIVIDUAL,MUN,CHO'NG-CH'O'L,,,DPRK,Tanchon Commercial Bank (TCB) official,Democratic People's Republic of Korea,
KPi.069,INDIVIDUAL,KO,CHOL MAN,,,DPRK,Ko Chol Man is an overseas Foreign Trade Bank representative,Democratic People's Republic of Korea,
KPi.044,INDIVIDUAL,KIM,CHOL NAM,,,DPRK,"President of Korea Kumsan Trading Corporation, a company that procures
supplies for General Bureau of Atomic Energy and serves as a cash route to the
DPRK",Democratic People's Republic of Korea,
KPi.058,INDIVIDUAL,JO,CHOL SONG,,,DPRK,Deputy Representative for the Korea Kwangson Banking Corporation,Democratic People's Republic of Korea,
KPi.059,INDIVIDUAL,KANG,CHOL SU,,,DPRK,Official for Korea Ryonbong General Corporation,Democratic People's Republic of Korea,
KPi.028,INDIVIDUAL,YU,CHOL U,,,DPRK,"Director of the National Aerospace Development Administration
            ",Democratic People's Republic of Korea,
QDi.419,INDIVIDUAL,ANJEM,CHOUDARY,,,Al-Qaida,,United Kingdom of Great Britain and Northern Ireland,
QDi.300,INDIVIDUAL,MONIR,CHOUKA,,,Al-Qaida,,Germany,
QDi.301,INDIVIDUAL,YASSIN,CHOUKA,,,Al-Qaida,,Germany,
KPi.074,INDIVIDUAL,RI,CHUN HWAN,,,DPRK,Ri Chun Hwan is an overseas Foreign Trade Bank representative,Democratic People's Republic of Korea,
KPi.075,INDIVIDUAL,RI,CHUN SONG,,,DPRK,Ri Chun Song is an overseas Foreign Trade Bank representative,Democratic People's Republic of Korea,
KPi.054,INDIVIDUAL,CHOE,CHUN YONG,,,DPRK,Representative for Ilsim International Bank ,Democratic People's Republic of Korea,
KPi.013,INDIVIDUAL,CHOE,CHUN-SIK,,,DPRK,Director of the Second Academy of Natural Sciences (SANS) ,Democratic People's Republic of Korea,
SSi.003,INDIVIDUAL,JAMES,KOANG,CHUOL,,SouthSudan,,South Sudan,
QDi.141,INDIVIDUAL,MAXAMED,CABDULLAAH,CIISE,,Al-Qaida,,Somalia,
QDi.410,INDIVIDUAL,SHANE,DOMINIC,CRAWFORD,,Al-Qaida,,Trinidad and Tobago,
QDi.331,INDIVIDUAL,ANDERS,CAMEROON,OSTENSVIG,DALE,Al-Qaida,,Norway,
GBi.003,INDIVIDUAL,CRANHA,DANFA,,,GB,Colonel,Guinea-Bissau,
CFi.015,INDIVIDUAL,ALI,DARASSA,,,CAR,Founder and leader of the Unité pour la Paix en Centrafrique (UPC) ,Central African Republic,
IRi.012,INDIVIDUAL,AHMAD VAHID,DASTJERDI,,,Iran,Head of the AIO,,
QDi.245,INDIVIDUAL,PIO,ABOGNE,DE VERA,,Al-Qaida,,Philippines,
QDi.252,INDIVIDUAL,AHMED,DEGHDEGH,,,Al-Qaida,,Algeria,
TAi.113,INDIVIDUAL,SHAHABUDDIN,DELAWAR,,,Taliban,Deputy of High Court under the Taliban regime,Afghanistan,
QDi.246,INDIVIDUAL,REDENDO,CAIN,DELLOSA,,Al-Qaida,,Philippines,
QDi.243,INDIVIDUAL,FELICIANO,SEMBORIO,DELOS REYES JR.,,Al-Qaida,,Philippines,
IRi.013,INDIVIDUAL,AHMAD,DERAKHSHANDEH,,,Iran,"Chairman and Managing Director of Bank Sepah, which provides support
for the AIO and subordinates, including SHIG and SBIG, both of which were designated
under resolution 1737 (2006).",,
QDi.342,INDIVIDUAL,OUMAR,DIABY,,,Al-Qaida,,Senegal,
LYi.002,INDIVIDUAL,ABDULQADER,YUSEF,DIBRI,,Libya,Head of Muammar Qadhafi's personal security,,
SOi.014,INDIVIDUAL,AHMED,DIRIYE,,,Somalia,,,
GBi.004,INDIVIDUAL,IDRISSA,DJALÓ,,,GB,Major,Guinea-Bissau,
QDi.167,INDIVIDUAL,KAMEL,DJERMANE,,,Al-Qaida,,Algeria,
QDi.249,INDIVIDUAL,YAHIA,DJOUADI,,,Al-Qaida,,Algeria,
LYi.006,INDIVIDUAL,ABU,ZAYD,UMAR,DORDA,Libya,"Director, External Security Organisation.",,
TAi.092,INDIVIDUAL,DOST MOHAMMAD,,,,Taliban,Governor of Ghazni Province under the Taliban regime,Afghanistan,
TAi.019,INDIVIDUAL,NIK MOHAMMAD,DOST MOHAMMAD,,,Taliban,Deputy Minister of Commerce under the Taliban regime,Afghanistan,
QDi.232,INDIVIDUAL,ABDELMALEK,DROUKDEL,,,Al-Qaida,,Algeria,
SSi.002,INDIVIDUAL,SIMON,GATWECH,DUAL,,SouthSudan,"Chief of General Staff, SPLA in Opposition",,
QDi.095,INDIVIDUAL,LIONEL,DUMONT,,,Al-Qaida,,France,
QDi.111,INDIVIDUAL,AGUS,DWIKARNA,,,Al-Qaida,,Indonesia,
QDi.019,INDIVIDUAL,ABDULLAH,AHMED,ABDULLAH,EL ALFI,Al-Qaida,,Egypt,
QDi.142,INDIVIDUAL,RADI,ABD EL SAMIE,ABOU EL YAZID,EL AYASHI,Al-Qaida,,Egypt,
QDi.262,INDIVIDUAL,REDOUANE,EL HABHAB,,,Al-Qaida,,Germany,
QDi.082,INDIVIDUAL,MOUNIR,EL MOTASSADEQ,,,Al-Qaida,,Morocco,
QDi.065,INDIVIDUAL,ABD EL KADER,MAHMOUD,MOHAMED,EL SAYED,Al-Qaida,,Egypt,
QDi.409,INDIVIDUAL,ELSHAFEE,EL SHEIKH,,,Al-Qaida,,United Kingdom of Great Britain and Northern Ireland,
SDi.001,INDIVIDUAL,GAFFAR,MOHAMMED,ELHASSAN,,Sudan,"Major-General and Commander of the Western Military Region for the
Sudanese Armed Forces (SAF)", na,
TAi.063,INDIVIDUAL,MOHAMMAD AZAM,ELMI,,,Taliban,"Deputy Minister of Mines and Industries under the Taliban
regime",Afghanistan,
QDi.064,INDIVIDUAL,SAMI,BEN KHAMIS,BEN SALEH,ELSSEID,Al-Qaida,,Tunisia,
IRi.014,INDIVIDUAL,MOHAMMAD,ESLAMI,,,Iran,"Head of Iran's Defence Industries Training and Research
Institute.",,
IRi.015,INDIVIDUAL,REZA-GHOLI,ESMAELI,,,Iran,"Head of Trade and International Affairs Department of the
AIO.",,
QDi.096,INDIVIDUAL,MOUSSA,BEN OMAR,BEN ALI,ESSAADI,Al-Qaida,,Tunisia,
QDi.083,INDIVIDUAL,ZAKARYA,ESSABAR,,,Al-Qaida,,Morocco,
TAi.036,INDIVIDUAL,FAIZ,,,,Taliban,"Head of the Information Department, Ministry of Foreign Affairs under the
Taliban regime",Afghanistan,
IRi.016,INDIVIDUAL,MOHSEN,FAKHRIZADEH-MAHABADI,,,Iran,Senior MODAFL scientist,,
TAi.106,INDIVIDUAL,MOHAMMAD SHAFIQULLAH,AHMADI,FATIH KHAN,,Taliban,Governor of Samangan Province under the Taliban regime,Afghanistan,
QDi.352,INDIVIDUAL,MAULANA,FAZLULLAH,,,Al-Qaida,,,
SSi.006,INDIVIDUAL,PETER,GADET,,,SouthSudan,,,
QDi.251,INDIVIDUAL,SALAH EDDINE,GASMI,,,Al-Qaida,,Algeria,
CFi.007,INDIVIDUAL,HAROUN,GAYE,,,CAR,"Rapporteur of the political coordination of the Front Populaire pour la
Renaissance de Centrafrique (FPRC)",,
QDi.366,INDIVIDUAL,TARKHAN,ISMAILOVICH,GAZIEV,,Al-Qaida,,Russian Federation,
QDi.431,INDIVIDUAL,SANAULLAH,GHAFARI,,,Al-Qaida,,Afghanistan,
QDi.028,INDIVIDUAL,AHMED,KHALFAN,GHAILANI,,Al-Qaida,,United Republic of Tanzania,
IQi.045,INDIVIDUAL,NAYIF,SHINDAKH,THAMIR,GHALIB,Iraq,,Iraq,
IQi.047,INDIVIDUAL,FADIL,MAHMUD,GHARIB,,Iraq,,Iraq,
TAi.030,INDIVIDUAL,AREFULLAH,AREF,GHAZI MOHAMMAD,,Taliban,Deputy Minister of Finance under the Taliban regime,Afghanistan,
QDi.250,INDIVIDUAL,AMOR,MOHAMED,GHEDEIR,,Al-Qaida,,Algeria,
TAi.004,INDIVIDUAL,MOHAMMED,OMAR,GHULAM NABI,,Taliban,"Leader of the Faithful ('Amir ul-Mumineen'), Afghanistan",Afghanistan,
QDi.367,INDIVIDUAL,ZAURBEK,SALIMOVICH,GUCHAEV,,Al-Qaida,,Russian Federation,
QDi.341,INDIVIDUAL,KEVIN,JORDAN,AXEL,GUIAVARCH,Al-Qaida,,France,
TAi.161,INDIVIDUAL,BAKHT,GUL,,,Taliban,,Afghanistan,
QDi.218,INDIVIDUAL,GUN GUN,RUSMAN,GUNAWAN,,Al-Qaida,,Indonesia,
TAi.069,INDIVIDUAL,RUSTUM,HANAFI,HABIBULLAH,,Taliban,Deputy Minister of Public Works under the Taliban regime,Afghanistan,
IQi.023,INDIVIDUAL,MIZBAN,KHADR,HADI,,Iraq,,Iraq,
TAi.140,INDIVIDUAL,GUL AHMAD,HAKIMI,,,Taliban,"Commercial Attache, Taliban Consulate General, Karachi,
Pakistan",Afghanistan,
QDi.003,INDIVIDUAL,SALIM,AHMAD,SALIM,HAMDAN,Al-Qaida,,Yemen,
QDi.068,INDIVIDUAL,ADEL,BEN AL-AZHAR,BEN YOUSSEF,HAMDI,Al-Qaida,,Tunisia,
SOi.010,INDIVIDUAL,OMAR,HAMMAMI,,,Somalia,,United States. Also believed to hold Syrian nationality,
KPi.049,INDIVIDUAL,PAK,HAN SE,,,DPRK,"Vice Chairman of the Second Economic Committee, which oversees the
production of the DPRK’s ballistic missiles ",Democratic People's Republic of Korea,
TAi.043,INDIVIDUAL,DIN MOHAMMAD,HANIF,,,Taliban,"a) Minister of Planning under the Taliban regime b) Minister of Higher
Education under the Taliban regime",Afghanistan,
QDi.204,INDIVIDUAL,ISNILON,TOTONI,HAPILON,,Al-Qaida,,Philippines,
QDi.268,INDIVIDUAL,ABDUL,HAQ,,,Al-Qaida,,China,
TAi.040,INDIVIDUAL,JALALUDDIN,HAQQANI,,,Taliban,Minister of Frontier Affairs under the Taliban regime,Afghanistan,
TAi.150,INDIVIDUAL,KHALIL,AHMED,HAQQANI,,Taliban,,Afghanistan,
TAi.079,INDIVIDUAL,MOHAMMAD SALIM,HAQQANI,,,Taliban,"Deputy Minister of Preventing Vice and Propagating Virtue under the Taliban
regime",Afghanistan,
TAi.146,INDIVIDUAL,NASIRUDDIN,HAQQANI,,,Taliban,,Afghanistan,
TAi.006,INDIVIDUAL,SAYYED MOHAMMED,HAQQANI,,,Taliban,Director of Administrative Affairs under the Taliban regime,Afghanistan,
TAi.144,INDIVIDUAL,SIRAJUDDIN,JALLALOUDINE,HAQQANI,,Taliban,Na'ib Amir (Deputy Commander),Afghanistan,
TAi.169,INDIVIDUAL,YAHYA,HAQQANI,,,Taliban,,Afghanistan,
IQi.064,INDIVIDUAL,ALI,BARZAN,IBRAHIM,HASAN AL-TIKRITI,Iraq,,Iraq,
IQi.083,INDIVIDUAL,AYMAN,SABAWI,IBRAHIM,HASAN AL-TIKRITI,Iraq,,Iraq,
IQi.085,INDIVIDUAL,BASHAR,SABAWI,IBRAHIM,HASAN AL-TIKRITI,Iraq,,Iraq,
IQi.084,INDIVIDUAL,IBRAHIM,SABAWI,IBRAHIM,HASAN AL-TIKRITI,Iraq,,Iraq,
IQi.066,INDIVIDUAL,KHAWLA,BARZAN,IBRAHIM,HASAN AL-TIKRITI,Iraq,,Iraq,
IQi.062,INDIVIDUAL,MOHAMMAD,BARZAN,IBRAHIM,HASAN AL-TIKRITI,Iraq,,Iraq,
IQi.065,INDIVIDUAL,NOOR,BARZAN,IBRAHIM,HASAN AL-TIKRITI,Iraq,,Iraq,
IQi.082,INDIVIDUAL,OMAR,SABAWI,IBRAHIM,HASAN AL-TIKRITI,Iraq,,Iraq,
IQi.063,INDIVIDUAL,SAJA,BARZAN,IBRAHIM,HASAN AL-TIKRITI,Iraq,,Iraq,
IQi.086,INDIVIDUAL,SA’D,SABAWI,IBRAHIM,HASAN AL-TIKRITI,Iraq,,Iraq,
IQi.067,INDIVIDUAL,THORAYA,BARZAN,IBRAHIM,HASAN AL-TIKRITI,Iraq,,Iraq,
IQi.081,INDIVIDUAL,YASIR,SABAWI,IBRAHIM,HASAN AL-TIKRITI,Iraq,,Iraq,
QDi.378,INDIVIDUAL,MAXIME,HAUCHARD,,,Al-Qaida,,France,
IRi.017,INDIVIDUAL,MOHAMMAD,HEJAZI,,,Iran,Brigadier General,,
TAi.014,INDIVIDUAL,HIDAYATULLAH,,,,Taliban,"Deputy Minister of Civil Aviation and Tourism under the Taliban
regime",Afghanistan,
TAi.071,INDIVIDUAL,NAJIBULLAH,HAQQANI,HIDAYATULLAH,,Taliban,Deputy Minister of Finance under the Taliban regime,Afghanistan,
QDi.029,INDIVIDUAL,RAED,MUHAMMAD HASAN,MUHAMMAD,HIJAZI,Al-Qaida,,Jordan,
CFi.012,INDIVIDUAL,ABDOULAYE,HISSENE,,,CAR, “general” ,Central African Republic,
KPi.001,INDIVIDUAL,YUN,HO-JIN,,,DPRK,Director of Namchongang Trading Corporation,Democratic People's Republic of Korea,
IRi.018,INDIVIDUAL,MOHSEN,HOJATI,,,Iran,"Head of Fajr Industrial Group, which is designated under resolution
1737 (2006) for its role in the ballistic missile programme.",,
KPi.004,INDIVIDUAL,RI,HONG-SOP,,,DPRK,"Former director, Yongbyon Nuclear Research Center, and Head of Nuclear Weapons Institute ",Democratic People's Republic of Korea,
TAi.049,INDIVIDUAL,ABDUL RAHMAN,AHMAD,HOTTAK,,Taliban,"Deputy (Cultural) Minister of Information and Culture under the Taliban
regime",Afghanistan,
QDi.359,INDIVIDUAL,OMAR,ALI,HUSSAIN,,Al-Qaida,,United Kingdom of Great Britain and Northern Ireland,
QDi.144,INDIVIDUAL,MOHAMMAD,TAHIR,HAMMID,HUSSEIN,Al-Qaida,,Iraq,
IQi.019,INDIVIDUAL,ABD-AL-TAWWAB,MULLAH,HUWAYSH,,Iraq,,Iraq,
KPi.042,INDIVIDUAL,CHOE,HWI,,,DPRK,"First Vice Director of the Workers' Party of Korea Propaganda and Agitation
Department, which controls all DPRK media and is used by the government to control
the public ",Democratic People's Republic of Korea,
KPi.065,INDIVIDUAL,CHU,HYO’K,,,DPRK,"Chu Hyo’k is a North Korean national who is an overseas Foreign Trade Bank
representative",Democratic People's Republic of Korea,
QDi.067,INDIVIDUAL,MOSTAFA,KAMEL,MOSTAFA,IBRAHIM,Al-Qaida,,United Kingdom of Great Britain and Northern Ireland,
QDi.395,INDIVIDUAL,MUHAMMAD,SHOLEH,IBRAHIM,,Al-Qaida,,Indonesia,
TAi.119,INDIVIDUAL,JAN MOHAMMAD,MADANI,IKRAM,,Taliban,"Charge d'Affaires, Taliban Embassy, Abu Dhabi, United Arab
Emirates",Afghanistan,
KPi.029,INDIVIDUAL,PAK,CHUN,IL,,DPRK,Served as DPRK Ambassador to Egypt,Democratic People's Republic of Korea,
KPi.040,INDIVIDUAL,CHO,IL U,,,DPRK,Director of the Fifth Bureau of the Reconnaissance General Bureau ,Democratic People's Republic of Korea,
QDi.374,INDIVIDUAL,NUSRET,IMAMOVIC,,,Al-Qaida,,Bosnia and Herzegovina,
GBi.005,INDIVIDUAL,ANTÓNIO,INJAI,,,GB,Lieutenant General,Guinea-Bissau,
QDi.308,INDIVIDUAL,ZAFAR,IQBAL,,,Al-Qaida,,Pakistan,
QDi.087,INDIVIDUAL,NURJAMAN,RIDUAN,ISAMUDDIN,,Al-Qaida,,Indonesia,
TAi.147,INDIVIDUAL,GUL,AGHA,ISHAKZAI,,Taliban,,,
QDi.368,INDIVIDUAL,SHAMIL,MAGOMEDOVICH,ISMAILOV,,Al-Qaida,,Russian Federation,
CDi.003,INDIVIDUAL,GASTON,IYAMUREMYE,,,DRC,FDLR Interim President,Rwanda,
LYi.029,INDIVIDUAL,Osama,Al Kuni,Ibrahim,,Libya,,Libya,
KPi.062,INDIVIDUAL,Pak,Il Kyu,,,DPRK,Official for Korea Ryonbong General Corporation,Democratic People's Republic of Korea,
KPi.070,INDIVIDUAL,KU,JA HYONG,,,DPRK,Ku Ja Hyong is a Foreign Trade Bank chief representative in Libya,Democratic People's Republic of Korea,
LYi.007,INDIVIDUAL,ABU,BAKR,YUNIS,JABIR,Libya,"Defence
Minister.",,
KPi.051,INDIVIDUAL,RI,JAE IL,,,DPRK,"Vice Director of the Workers’ Party of Korea Propaganda and Agitation
Department, which controls all DPRK’s media and is used by the government to control
the public ",Democratic People's Republic of Korea,
TAi.047,INDIVIDUAL,QUDRATULLAH,JAMAL,,,Taliban,Minister of Information under the Taliban regime,Afghanistan,
TAi.170,INDIVIDUAL,SAIDULLAH,JAN,,,Taliban,,,
KPi.055,INDIVIDUAL,HAN,JANG SU,,,DPRK,Chief Representative of the Foreign Trade Bank,Democratic People's Republic of Korea,
KPi.002,INDIVIDUAL,RI,JE-SON,,,DPRK,Minister of Atomic Energy Industry since April 2014.,Democratic People's Republic of Korea,
KPi.027,INDIVIDUAL,RYU,JIN,,,DPRK,KOMID Representative in Syria ,Democratic People's Republic of Korea,
QDi.360,INDIVIDUAL,SALLY-ANNE,FRANCES,JONES,,Al-Qaida,,United Kingdom of Great Britain and Northern Ireland,
KPi.066,INDIVIDUAL,KIM,JONG SIK,,,DPRK,A leading official guiding the DPRK’s WMD development efforts. Serving as Deputy Director of the Workers’ Party of Korea Munitions Industry Department,Democratic People's Republic of Korea,
QDi.394,INDIVIDUAL,HUSAYN,JUAYTHINI,,,Al-Qaida,,Palestinian,
QDi.114,INDIVIDUAL,SALIM Y SALAMUDDIN,JULKIPLI,,,Al-Qaida,,Philippines,
KPi.021,INDIVIDUAL,KIM,JUNG JONG,,,DPRK,Tanchon Commercial Bank Representative,Democratic People's Republic of Korea,
LYi.027,INDIVIDUAL,Ibrahim,Saeed,Salim,Jadhran,Libya,Leader of armed militias ,Libya,
CDi.004,INDIVIDUAL,INNOCENT,KAINA,,,DRC,Former M23 Deputy Commander ,,
TAi.137,INDIVIDUAL,RAHMATULLAH,KAKAZADA,,,Taliban,"Consul General, Taliban Consulate General, Karachi, Pakistan",Afghanistan,
CDi.005,INDIVIDUAL,JÉRÔME,KAKWAVU BUKANDE,,,DRC,,Democratic Republic of the Congo,
QDi.072,INDIVIDUAL,MEHDI,BEN MOHAMED,BEN MOHAMED,KAMMOUN,Al-Qaida,,Tunisia,
CDi.035,INDIVIDUAL,GÉDÉON,KYUNGU,MUTANGA WA BAFUNKWA,KANONGA,DRC,Katangan rebel leader,,
QDi.416,INDIVIDUAL,MOHAMMED,YUSIP,KARIM,,Al-Qaida,,Indonesia,
QDi.135,INDIVIDUAL,DAWOOD,IBRAHIM,KASKAR,,Al-Qaida,,India,
CDi.006,INDIVIDUAL,GERMAIN,KATANGA,,,DRC,,Democratic Republic of the Congo,
IRi.020,INDIVIDUAL,MEHRDADA AKHLAGHI,KETABACHI,,,Iran,"Head of the Shahid Bagheri Industrial Group (SBIG), which is
designated under resolution 1737 (2006) for its role in the ballistic missile programme
(designated under IRe.066).",,
TAi.025,INDIVIDUAL,ABDUL RAUF,KHADEM,,,Taliban,Commander of Central Corps under the Taliban regime,Afghanistan,
TAi.093,INDIVIDUAL,KHAIRULLAH,KHAIRKHWAH,,,Taliban,Governor of Herat Province under the Taliban regime,Afghanistan,
SOi.005,INDIVIDUAL,FUAD,MOHAMED,KHALAF,,Somalia,,Somali,
QDi.372,INDIVIDUAL,GULMUROD,KHALIMOV,,,Al-Qaida,,Tajikistan,
QDi.306,INDIVIDUAL,MUSTAFA,HAJJI,MUHAMMAD,KHAN,Al-Qaida,,Pakistan,
TAi.064,INDIVIDUAL,EZATULLAH,HAQQANI,KHAN SAYYID,,Taliban,Deputy Minister of Planning under the Taliban regime,Afghanistan,
QDi.336,INDIVIDUAL,ANAS,HASAN,KHATTAB,,Al-Qaida,,Syrian Arab Republic,
TAi.163,INDIVIDUAL,KHAIRULLAH,BARAKZAI,KHUDAI NAZAR,,Taliban,,,
TAi.165,INDIVIDUAL,MOHAMMED QASIM,MIR WALI,KHUDAI RAHIM,,Taliban,,Afghanistan,
TAi.013,INDIVIDUAL,MOHAMMAD NAIM,BARICH,KHUDAIDAD,,Taliban,"Deputy Minister of Civil Aviation under the Taliban
regime",Afghanistan,
QDi.418,INDIVIDUAL,MUHAMMED,REZA,LAHAMAN,KIRAM,Al-Qaida,,Philippines,
QDi.340,INDIVIDUAL,EMILIE,EDWIGE,KONIG,,Al-Qaida,,France,
CFi.010,INDIVIDUAL,ALI,KONY,,,CAR,"Deputy, Lord’s Resistance Army",,
CFi.009,INDIVIDUAL,JOSEPH,KONY,,,CAR,Commander of the Lord’s Resistance Army ,Uganda,
CFi.011,INDIVIDUAL,SALIM,KONY,,,CAR,"Deputy, Lord’s Resistance Army",,
QDi.408,INDIVIDUAL,ALEXANDA,AMON,KOTEY,,Al-Qaida,,United Kingdom of Great Britain and Northern Ireland,
QDi.425,INDIVIDUAL,AMADOU,KOUFA,,,Al-Qaida,,,
CFi.013,INDIVIDUAL,MARTIN,KOUMTAMADJI,,,CAR,"President and commander-in-chief of the Front Démocratique du Peuple
                Centrafricain (FDPC)",Chad,
KPi.015,INDIVIDUAL,HYON,KWANG IL,,,DPRK,"Department Director for Scientific Development at the National Aerospace
Development Administration ",Democratic People's Republic of Korea,
KPi.009,INDIVIDUAL,KIM,KWANG-IL,,,DPRK,Tanchon Commercial Bank (TCB) official,Democratic People's Republic of Korea,
KPi.008,INDIVIDUAL,RA,KY'ONG-SU,,,DPRK,Tanchon Commercial Bank (TCB) official,Democratic People's Republic of Korea,
KPi.071,INDIVIDUAL,MUN,KYONG HWAN,,,DPRK,"Mun Kyong Hwan is an overseas Bank of East Land
                representative",Democratic People's Republic of Korea,
KPi.067,INDIVIDUAL,KIM,KYONG IL,,,DPRK,Kim Kyong Il is a Foreign Trade Bank deputy chief representative in Libya,Democratic People's Republic of Korea,
KPi.045,INDIVIDUAL,KIM,KYONG OK,,,DPRK,"Vice Director of the Organization and Guidance Department, which directs
key personnel appointments for the Workers’ Party of Korea and the DPRK’s
military",Democratic People's Republic of Korea,
KPi.022,INDIVIDUAL,KIM,KYU,,,DPRK,"Korea Mining Development Trading Corporation (KOMID) External Affairs
Officer",Democratic People's Republic of Korea,
LYi.025,INDIVIDUAL,Mohammed,Al Amin,Al-Arabi,Kashlaf,Libya,"Commander of the Shuhada al-Nasr brigade, Head of the Petrol Refinery Guard of Zawiya’s refinery",Libya,
IQi.049,INDIVIDUAL,Rashid,Taan,Kathim,,Iraq,,Iraq,
QDi.383,INDIVIDUAL,MORAD,LAABOUDI,,,Al-Qaida,,Morocco,
QDi.190,INDIVIDUAL,ABDELKADER,LAAGOUB,,,Al-Qaida,,Morocco,
QDi.319,INDIVIDUAL,MOHAMED,LAHBOUS,,,Al-Qaida,,Mali,
QDi.062,INDIVIDUAL,MOHAMED,LAKHAL,,,Al-Qaida,,Tunisia,
QDi.264,INDIVIDUAL,ZAKI-UR-REHMAN,LAKHVI,,,Al-Qaida,,Pakistan,
TAi.053,INDIVIDUAL,ABDUL RAZAQ,AKHUND,LALA AKHUND,,Taliban,Minister of Interior Affairs under the Taliban regime,Afghanistan,
QDi.247,INDIVIDUAL,RUBEN,PESTANO,"LAVILLA, JR",,Al-Qaida,,Philippines,
QDi.155,INDIVIDUAL,DJAMEL,LOUNICI,,,Al-Qaida,,Algeria,
CDi.007,INDIVIDUAL,THOMAS,LUBANGA,,,DRC,,Democratic Republic of the Congo,
IQi.024,INDIVIDUAL,TAHA,MUHYI-AL-DIN,MA'RUF,,Iraq,,Iraq,
QDi.413,INDIVIDUAL,MYRNA,AJIJUL,MABANZA,,Al-Qaida,,Philippines,
TAi.102,INDIVIDUAL,ZIA-UR-RAHMAN,MADANI,,,Taliban,Governor of Logar Province under the Taliban regime,Afghanistan,
SOi.006,INDIVIDUAL,BASHIR,MOHAMED,MAHAMOUD,,Somalia,,Somalia,
IQi.052,INDIVIDUAL,ADIL,ABDALLAH,MAHDI,,Iraq,,Iraq,
QDi.356,INDIVIDUAL,AQSA,MAHMOOD,,,Al-Qaida,,United Kingdom of Great Britain and Northern Ireland,
MLi.007,INDIVIDUAL,MOHAMED,BEN,AHMED,MAHRI,Mali,,Mali,
CDi.008,INDIVIDUAL,SULTANI,MAKENGA,,,DRC,,Democratic Republic of the Congo,
SSi.001,INDIVIDUAL,GABRIEL,JOK RIAK,MAKOL,,SouthSudan,"Former Sudan People’s Liberation Army’s (SPLA) Sector One
Commander",South Sudan,
IRi.022,INDIVIDUAL,NASER,MALEKI,,,Iran,"Head of Shahid Hemmat Industrial Group (SHIG), which is designated
under resolution 1737 (2006) for its role in Iran's ballistic missile programme
(designated under IRe.067).",,
KPi.026,INDIVIDUAL,RI,MAN GON,,,DPRK,Minister of the Munitions Industry Department ,Democratic People's Republic of Korea,
SOi.008,INDIVIDUAL,FARES,MOHAMMED,MANA'A,,Somalia,,,
CDi.009,INDIVIDUAL,KHAWA PANGA,MANDRO,,,DRC,,Democratic Republic of the Congo,
SSi.005,INDIVIDUAL,MARIAL,CHANUONG,YOL,MANGOK,SouthSudan,Sudan People’s Liberation Army Major General,South Sudan,
TAi.007,INDIVIDUAL,ABDUL LATIF,MANSUR,,,Taliban,Minister of Agriculture under the Taliban regime,Afghanistan,
MLi.008,INDIVIDUAL,MOHAMED,OULD,MATALY,,Mali,Member of Parliament ,Mali,
TAi.068,INDIVIDUAL,MOHAMMADULLAH,MATI,,,Taliban,Minister of Public Works under the Taliban regime,Afghanistan,
TAi.021,INDIVIDUAL,ALLAH DAD,MATIN,,,Taliban,Minister of Urban Development under the Taliban regime,Afghanistan,
TAi.020,INDIVIDUAL,MATIULLAH,,,,Taliban,"Director, Kabul Custom House under the Taliban regime",Afghanistan,
LYi.008,INDIVIDUAL,MATUQ,MOHAMMED,MATUQ,,Libya,Secretary for Utilities,,
QDi.423,INDIVIDUAL,ALI,MAYCHOU,,,Al-Qaida,,Morocco,
SDi.004,INDIVIDUAL,JIBRIL,ABDULKARIM,IBRAHIM,MAYU,Sudan,"National Movement for Reform and Development (NMRD) Field
Commander",Sudanese by birth,
TAi.135,INDIVIDUAL,ABDUL QUDDUS,MAZHARI,,,Taliban,"Education Attache, Taliban Consulate General, Peshawar,
Pakistan",Afghanistan,
TAi.023,INDIVIDUAL,FAZL MOHAMMAD,MAZLOOM,,,Taliban,Deputy Chief of Army Staff of the Taliban regime,Afghanistan,
CDi.010,INDIVIDUAL,CALLIXTE,MBARUSHIMANA,,,DRC,FDLR Executive Secretary,Rwanda,
TAi.078,INDIVIDUAL,MOHAMMAD WALI,MOHAMMAD EWAZ,,,Taliban,"Minister of Ministry of Preventing Vice and Propagating Virtue under
the Taliban regime",Afghanistan,
TAi.122,INDIVIDUAL,ABDUL MANAN,MOHAMMAD ISHAK,,,Taliban,"First Secretary, Taliban Embassy, Riyadh, Saudi Arabia",Afghanistan,
TAi.003,INDIVIDUAL,ABDUL KABIR,MOHAMMAD JAN,,,Taliban,"Second Deputy, Economic Affairs, Council of Ministers under the Taliban
regime",Afghanistan,
TAi.141,INDIVIDUAL,ABDULLAH,HAMAD,MOHAMMAD KARIM,,Taliban,"Consul General, Taliban Consulate General, Quetta,
Pakistan",Afghanistan,
TAi.126,INDIVIDUAL,MOHAMMAD,SARWAR,SIDDIQMAL,MOHAMMAD MASOOD,Taliban,"Third Secretary, Taliban Embassy, Islamabad, Pakistan",Afghanistan,
TAi.052,INDIVIDUAL,MOHAMMAD YAQOUB,,,,Taliban,"Head of Bakhtar Information Agency (BIA) under the Taliban
regime",Afghanistan,
TAi.099,INDIVIDUAL,MOHAMMAD SHAFIQ,MOHAMMADI,,,Taliban,Governor of Khost Province under the Taliban regime,Afghanistan,
SOi.011,INDIVIDUAL,ABOUD,ROGO,MOHAMMED,,Somalia,,,
QDi.126,INDIVIDUAL,YUNOS,UMPARA,MOKLIS,,Al-Qaida,,Philippines,
QDi.147,INDIVIDUAL,MOHAMED,AMIN,MOSTAFA,,Al-Qaida,,Iraq,
TAi.026,INDIVIDUAL,AMIR KHAN,MOTAQI,,,Taliban,Minister of Education under the Taliban regime,Afghanistan,
TAi.051,INDIVIDUAL,ABDULHAI,MOTMAEN,,,Taliban,"Director of the Information and Culture Department in Kandahar
Province under the Taliban regime",Afghanistan,
QDi.129,INDIVIDUAL,DJAMEL,MOUSTFA,,,Al-Qaida,,Algeria,
CDi.011,INDIVIDUAL,IRUTA DOUGLAS,MPAMO,,,DRC,,Democratic Republic of the Congo,
QDi.238,INDIVIDUAL,MUBARAK,MUSHAKHAS,SANAD,MUBARAK AL-BATHALI,Al-Qaida,,Kuwait,
CDi.012,INDIVIDUAL,SYLVESTRE,MUDACUMURA,,,DRC,FDLR-FOCA Commander ,Rwanda,
CDi.013,INDIVIDUAL,LEODOMIR,MUGARAGU,,,DRC,,Rwanda,
TAi.016,INDIVIDUAL,ALLAH DAD,TAYEB,WALI,MUHAMMAD,Taliban,"Deputy Minister of Communication under the Taliban
regime",Afghanistan,
TAi.132,INDIVIDUAL,NAJIBULLAH,MUHAMMAD JUMA,,,Taliban,"Consul General, Taliban Consulate General, Peshawar,
Pakistan",Afghanistan,
TAi.073,INDIVIDUAL,MOHAMMAD,MOSLIM,HAQQANI,MUHAMMADI GUL,Taliban,"Deputy Minister of Haj and Religious Affairs under the Taliban
regime",Afghanistan,
QDi.272,INDIVIDUAL,MOHAMMED,YAHYA,MUJAHID,,Al-Qaida,,Pakistan,
CDi.014,INDIVIDUAL,LEOPOLD,MUJYAMBERE,,,DRC,FDLR-FOCA Chief of Staff ,Rwanda,
CDi.015,INDIVIDUAL,JAMIL,MUKULU,,,DRC,Head of the Allied Democratic Forces (ADF),Uganda,
KPi.060,INDIVIDUAL,KIM,MUN CHOL,,,DPRK,Representative for Korea United Development Bank,Democratic People's Republic of Korea,
KPi.079,INDIVIDUAL,PAK,MUN IL,,,DPRK,Pak Mun Il is an overseas official of Korea Daesong Bank ,Democratic People's Republic of Korea,
KPi.019,INDIVIDUAL,KANG,MUN KIL,,,DPRK,,Democratic People's Republic of Korea,
QDi.119,INDIVIDUAL,ARIS,MUNANDAR,,,Al-Qaida,,Indonesia (as at Dec. 2003),
CDi.032,INDIVIDUAL,MUHINDO,AKILI,MUNDOS,,DRC,"DRC Armed Forces (FARDC) General, Commander of the 31st Brigade ",Democratic Republic of the Congo,
QDi.120,INDIVIDUAL,ABDUL HAKIM,MURAD,,,Al-Qaida,,Pakistan,
CDi.016,INDIVIDUAL,IGNACE,MURWANASHYAKA,,,DRC,FDLR President,Rwanda,
CDi.017,INDIVIDUAL,STRATON,MUSONI,,,DRC,Former FDLR Vice President,Rwanda,
QDi.196,INDIVIDUAL,ALI,SAYYID,MUHAMED,MUSTAFA BAKRI,Al-Qaida,,Egypt,
CDi.018,INDIVIDUAL,JULES,MUTEBUTSI,,,DRC,,Democratic Republic of the Congo,
QDi.357,INDIVIDUAL,ASEEL,MUTHANA,,,Al-Qaida,,United Kingdom of Great Britain and Northern Ireland,
QDi.358,INDIVIDUAL,NASSER,AHMED,MUTHANA,,Al-Qaida,,United Kingdom of Great Britain and Northern Ireland,
CDi.033,INDIVIDUAL,GUIDON,SHIMIRAY,MWISSA,,DRC,,,
KPi.018,INDIVIDUAL,JON,MYONG GUK,,,DPRK,Tanchon Commercial Bank Representative in Syria ,Democratic People's Republic of Korea,
KPi.007,INDIVIDUAL,CHANG,MYONG-CHIN,,,DPRK,"General Manager of the Sohae Satellite Launching Station and head of
launch center at which the 13 April and 12 December 2012 launches took
place.",Democratic People's Republic of Korea,
QDi.406,INDIVIDUAL,Murad,Iraklievich,Margoshvili,,Al-Qaida,,Russian Federation,
QDi.427,INDIVIDUAL,Noor,Wali,Mehsud,,Al-Qaida,,Pakistan,
MLi.003,INDIVIDUAL,Mohamed,Ousmane,Ag,Mohamedoune,Mali,,Mali,
GBi.006,INDIVIDUAL,TCHIPA,NA BIDON,,,GB,Lieutenant-colonel,Guinea-Bissau,
GBi.007,INDIVIDUAL,TCHAM,NA MAN,,,GB,Lieutenant-colonel,Guinea-Bissau,
GBi.008,INDIVIDUAL,ESTÊVÃO,NA MENA,,,GB,Inspector-General of the Armed Forces,Guinea-Bissau,
QDi.280,INDIVIDUAL,TAYEB,NAIL,,,Al-Qaida,,Algeria,
KPi.061,INDIVIDUAL,KIM,NAM UNG,,,DPRK,Representative for Ilsim International Bank,Democratic People's Republic of Korea,
IRi.026,INDIVIDUAL,MOHAMMAD REZA,NAQDI,,,Iran,Brigadier-General,,
GBi.009,INDIVIDUAL,DABA,NAUALNA,,,GB,Lieutenant-colonel,Guinea-Bissau,
IRi.027,INDIVIDUAL,MOHAMMAD MEHDI,NEJAD NOURI,,,Iran,Lieutenant General,,
CDi.019,INDIVIDUAL,BAUDOIN,NGARUYE WA MYAMURO,,,DRC,Brigadier General,Democratic Republic of the Congo,
CFi.008,INDIVIDUAL,EUGÈNE,BARRET,NGAÏKOSSET,,CAR,"Former Captain, CAR Presidential Guard",,
CDi.020,INDIVIDUAL,"MATHIEU, CHUI",NGUDJOLO,,,DRC,,Democratic Republic of the Congo,
GBi.010,INDIVIDUAL,JÚLIO,NHATE,,,GB,Lieutenant-colonel,Guinea-Bissau,
CDi.021,INDIVIDUAL,FLORIBERT NGABU,NJABU,,,DRC,,Democratic Republic of the Congo,
CDi.022,INDIVIDUAL,LAURENT,NKUNDA,,,DRC,,Democratic Republic of the Congo,
TAi.044,INDIVIDUAL,HAMDULLAH,NOMANI,,,Taliban,Minister of Higher Education under the Taliban regime,Afghanistan,
TAi.138,INDIVIDUAL,MOHAMMAD,ALEEM,NOORANI,,Taliban,"First Secretary, Taliban Consulate General, Karachi,
Pakistan",Afghanistan,
TAi.173,INDIVIDUAL,ABDUL BASIR,NOORZAI,,,Taliban,,Afghanistan,
TAi.154,INDIVIDUAL,MALIK,NOORZAI,,,Taliban,,Afghanistan,
CDi.023,INDIVIDUAL,FELICIEN,NSANZUBUKIRE,,,DRC,FDLR-FOCA Subsector Commander ,Rwanda,
CDi.024,INDIVIDUAL,PACIFIQUE,NTAWUNGUKA,,,DRC,FDLR-FOCA “SONOKI” Sector Commander ,Rwanda,
TAi.089,INDIVIDUAL,NURULLAH,NURI,,,Taliban, Governor of Balkh Province under the Taliban Regime,Afghanistan,
CDi.025,INDIVIDUAL,JAMES,NYAKUNI,,,DRC,,Uganda,
TAi.097,INDIVIDUAL,ABDUL MANAN,NYAZI,,,Taliban,Governor of Kabul Province under the Taliban regime,Afghanistan,
CDi.034,INDIVIDUAL,LUCIEN,NZAMBAMWITA,,,DRC,,Rwanda,
CDi.026,INDIVIDUAL,STANISLAS,NZEYIMANA,,,DRC,Former FDLR-FOCA Deputy Commander,Rwanda,
TAi.166,INDIVIDUAL,AHMED SHAH,NOORZAI,OBAIDULLAH,,Taliban,,,
SOi.009,INDIVIDUAL,HASSAN,MAHAT,OMAR,,Somalia,,Possibly Ethiopian,
TAi.088,INDIVIDUAL,ABDUL JABBAR,OMARI,,,Taliban,Governor of Baghlan Province under the Taliban regime,Afghanistan,
TAi.042,INDIVIDUAL,MOHAMMAD IBRAHIM,OMARI,,,Taliban,"Deputy Minister of Frontier Affairs under the Taliban
regime",Afghanistan,
QDi.314,INDIVIDUAL,ABDERRAHMANE,OULD EL AMAR,,,Al-Qaida,,Mali,
QDi.315,INDIVIDUAL,HAMADA,OULD MOHAMED EL KHAIRY,,,Al-Qaida,,Mauritania,
QDi.298,INDIVIDUAL,ABD AL-RAHMAN,OULD MUHAMMAD AL-HUSAYN,OULD MUHAMMAD SALIM,,Al-Qaida,,Mauritania,
QDi.353,INDIVIDUAL,ALI,BEN TAHER,BEN FALEH,OUNI HARZI,Al-Qaida,,Tunisia,
QDi.354,INDIVIDUAL,TARAK,BEN TAHER,BEN FALEH,OUNI HARZI,Al-Qaida,,Tunisia,
CDi.027,INDIVIDUAL,DIEUDONNÉ,OZIA MAZIO,,,DRC,,Democratic Republic of the Congo,
LYi.024,INDIVIDUAL,Mus’ab,Mustafa,Abu al Qassim,Omar,Libya,Leader of a transnational trafficking network,Libya,
TAi.067,INDIVIDUAL,SHER MOHAMMAD ABBAS,STANEKZAI,PADSHAH KHAN,,Taliban,"Deputy Minister of Public Health under the Taliban
regime",Afghanistan,
QDi.242,INDIVIDUAL,DINNO AMOR,ROSALEJOS,PAREJA,,Al-Qaida,,Philippines,
QDi.294,INDIVIDUAL,UMAR,PATEK,,,Al-Qaida,,Indonesia,
QDi.348,INDIVIDUAL,ANGGA,DIMAS,PERSHADA,,Al-Qaida,,Indonesia,
KPi.076,INDIVIDUAL,RI,PYONG CHUL,,,DPRK,Alternate Member of the Political Bureau of the Workers’ Party of Korea and First Vice Director of the Munitions Industry Department,Democratic People's Republic of Korea,
LYi.003,INDIVIDUAL,SAYYID,MOHAMMED,QADHAF AL-DAM,,Libya,,,
LYi.009,INDIVIDUAL,AISHA,MUAMMAR MUHAMMED,ABU MINYAR,QADHAFI,Libya,,,
LYi.010,INDIVIDUAL,HANNIBAL,MUAMMAR,QADHAFI,,Libya,,,
LYi.011,INDIVIDUAL,KHAMIS,MUAMMAR,QADHAFI,,Libya,,,
LYi.012,INDIVIDUAL,MOHAMMED,MUAMMAR,QADHAFI,,Libya,,,
LYi.013,INDIVIDUAL,MUAMMAR,MOHAMMED,ABU MINYAR,QADHAFI,Libya,"Leader of the Revolution, Supreme Commander of Armed
Forces",,
LYi.014,INDIVIDUAL,MUTASSIM,QADHAFI,,,Libya,National Security Adviser,,
LYi.015,INDIVIDUAL,SAADI,QADHAFI,,,Libya,Commander Special Forces,,
LYi.016,INDIVIDUAL,SAIF AL-ARAB,QADHAFI,,,Libya,,,
LYi.017,INDIVIDUAL,SAIF AL-ISLAM,QADHAFI,,,Libya,"Director, Qadhafi Foundation",,
TAi.058,INDIVIDUAL,NOORUDDIN,TURABI,MUHAMMAD,QASIM,Taliban,Minister of Justice under the Taliban regime,Afghanistan,
QDi.271,INDIVIDUAL,ARIF,QASMANI,,,Al-Qaida,,Pakistan,
TAi.107,INDIVIDUAL,AMINULLAH,AMIN,QUDDUS,,Taliban,Governor of Saripul Province under the Taliban regime,Afghanistan,
TAi.027,INDIVIDUAL,ABDUL SALAM,HANAFI,ALI MARDAN,QUL,Taliban,Deputy Minister of Education under the Taliban regime,Afghanistan,
TAi.157,INDIVIDUAL,FAZL,RABI,,,Taliban,Senior official in Konar Province during the Taliban regime,Afghanistan,
SOi.021,INDIVIDUAL,ALI,MOHAMED,RAGE,,Somalia,Spokesperson of Al-Shabaab,Somalia,
QDi.303,INDIVIDUAL,FAZAL,RAHIM,,,Al-Qaida,,Afghanistan,
TAi.015,INDIVIDUAL,YAR MOHAMMAD,RAHIMI,,,Taliban,Minister of Communication under the Taliban regime,Afghanistan,
TAi.096,INDIVIDUAL,MOHAMMAD HASAN,RAHMANI,,,Taliban,Governor of Kandahar Province under the Taliban regime,Afghanistan,
QDi.075,INDIVIDUAL,ABDELHALIM,HAFED,ABDELFATTAH,REMADNA,Al-Qaida,,Algeria,
SSi.007,INDIVIDUAL,MALEK,REUBEN,RIAK,RENGU,SouthSudan,Deputy Chief of General Staff for Logistics ,South Sudan,
TAi.084,INDIVIDUAL,HABIBULLAH,RESHAD,,,Taliban,"Head of Investigation Department, Ministry of Security (Intelligence)
under the Taliban regime",Afghanistan,
IRi.033,INDIVIDUAL,MORTEZA,REZAIE,,,Iran,Brigadier General,,
QDi.219,INDIVIDUAL,TAUFIK,RIFKI,,,Al-Qaida,,Indonesia,
QDi.407,INDIVIDUAL,OMAN,ROCHMAN,,,Al-Qaida,,Indonesia,
QDi.150,INDIVIDUAL,AL-AZHAR,BEN KHALIFA,BEN AHMED,ROUINE,Al-Qaida,,Tunisia,
CDi.028,INDIVIDUAL,JEAN-MARIE LUGERERO,RUNIGA,,,DRC,"M23, President",,
QDi.186,INDIVIDUAL,ABU,RUSDAN,,,Al-Qaida,,,
KPi.020,INDIVIDUAL,KANG,RYONG,,,DPRK,"Korea Mining Development Trading Corporation (KOMID) Representative in
Syria ",Democratic People's Republic of Korea,
MLi.002,INDIVIDUAL,Mahamadou,Ag,Rhissa,,Mali,,Mali,
QDi.403,INDIVIDUAL,FARED,SAAL,,,Al-Qaida,,Germany,
QDi.002,INDIVIDUAL,AMIN,MUHAMMAD,UL HAQ,SAAM KHAN,Al-Qaida,,Afghanistan,
QDi.020,INDIVIDUAL,MOHAMMAD,HAMDI,MOHAMMAD,SADIQ AL-AHDAL,Al-Qaida,,Yemen,
QDi.263,INDIVIDUAL,HAFIZ,MUHAMMAD,SAEED,,Al-Qaida,,Pakistan,
IRi.035,INDIVIDUAL,MORTEZA,SAFARI,,,Iran,Rear Admiral,,
IRi.036,INDIVIDUAL,YAHYA RAHIM,SAFAVI,,,Iran,Major General,,
QDi.208,INDIVIDUAL,RADULAN,SAHIRON,,,Al-Qaida,,Philippines,
QDi.222,INDIVIDUAL,NESSIM,BEN ROMDHANE,SAHRAOUI,,Al-Qaida,,Tunisia,
YEi.005,INDIVIDUAL,AHMED,ALI,ABDULLAH,SALEH,Yemen,,Yemen,
YEi.003,INDIVIDUAL,ALI,ABDULLAH,SALEH,,Yemen,President of Yemen’s General People’s Congress party,Yemen,
QDi.387,INDIVIDUAL,MOHAMMED,ABDEL-HALIM,HEMAIDA,SALEH,Al-Qaida,,Egypt,
TAi.108,INDIVIDUAL,ABDULHAI,SALEK,,,Taliban,Governor of Uruzgan Province under the Taliban regime,Afghanistan,
IRi.038,INDIVIDUAL,HOSEIN,SALIMI,,,Iran,General,,
SOi.013,INDIVIDUAL,MAALIM,SALMAN,,,Somalia,,,
QDi.244,INDIVIDUAL,HILARION,DEL ROSARIO,SANTOS,,Al-Qaida,,Philippines,
QDi.350,INDIVIDUAL,WIJI,JOKO,SANTOSO,,Al-Qaida,,Indonesia,
TAi.110,INDIVIDUAL,NOOR MOHAMMAD,SAQIB,,,Taliban,Chief Justice of Supreme Court under the Taliban regime,Afghanistan,
TAi.087,INDIVIDUAL,SADUDDIN,SAYYED,,,Taliban,"Vice-Minister of Work and Social Affairs under the Taliban
regime",Afghanistan,
KPi.048,INDIVIDUAL,PAEK,SE BONG,,,DPRK,,Democratic People's Republic of Korea,
TAi.133,INDIVIDUAL,ABDUL WALI,SEDDIQI,,,Taliban,"Third Secretary, Taliban Consulate General, Peshawar,
Pakistan",Afghanistan,
TAi.098,INDIVIDUAL,ABDUL WAHED,SHAFIQ,,,Taliban,"Deputy Governor of Kabul Province under the Taliban
regime",Afghanistan,
TAi.011,INDIVIDUAL,AKHTAR,MOHAMMAD,MANSOUR,SHAH MOHAMMED,Taliban,"Minister of Civil Aviation and Transportation under the Taliban
regime",Afghanistan,
TAi.172,INDIVIDUAL,RAHMATULLAH,SHAH NAWAZ,,,Taliban,,Afghanistan,
IQi.060,INDIVIDUAL,SAMIRA,SHAHBANDAR,,,Iraq,,Iraq,
TAi.028,INDIVIDUAL,SAID AHMED,SHAHIDKHEL,,,Taliban,Deputy Minister of Education under the Taliban regime,Afghanistan,
TAi.103,INDIVIDUAL,SHAMSUDDIN,,,,Taliban,"Governor of Wardak (Maidan) Province under the Taliban
regime",Afghanistan,
CDi.029,INDIVIDUAL,NTABO NTABERI,SHEKA,,,DRC,"Commander-in-Chief, Nduma Defence of Congo, Mayi Mayi Sheka
group",Democratic Republic of the Congo,
QDi.322,INDIVIDUAL,ABUBAKAR,MOHAMMED,SHEKAU,,Al-Qaida,,Nigeria,
TAi.118,INDIVIDUAL,HAMIDULLAH,AKHUND,SHER MOHAMMAD,,Taliban,Head of Ariana Afghan Airlines under the Taliban regime,Afghanistan,
QDi.017,INDIVIDUAL,THARWAT,SALAH,SHIHATA,,Al-Qaida,,Egypt,
TAi.139,INDIVIDUAL,ABDUL GHAFAR,SHINWARI,,,Taliban,"Third Secretary, Taliban Consulate General, Karachi,
Pakistan",Afghanistan,
QDi.122,INDIVIDUAL,PARLINDUNGAN,SIREGAR,,,Al-Qaida,,Indonesia,
IQi.079,INDIVIDUAL,ROODI,SLEWA,,,Iraq,,Iraq,
KPi.003,INDIVIDUAL,HWANG,SOK-HWA,,,DPRK,Director in the General Bureau of Atomic Energy (GBAE),Democratic People's Republic of Korea,
IRi.039,INDIVIDUAL,QASEM,SOLEIMANI,,,Iran,Brigadier General,,
KPi.056,INDIVIDUAL,JANG,SONG CHOL,,,DPRK,Jang Song Chol is a Korea Mining Development Corporation (KOMID) representative overseas,Democratic People's Republic of Korea,
KPi.077,INDIVIDUAL,RI,SONG HYOK,,,DPRK,"Ri Song Hyok is an overseas representative for Koryo Bank and Koryo Credit
                Development Bank",Democratic People's Republic of Korea,
KPi.014,INDIVIDUAL,CHOE,SONG IL,,,DPRK,Tanchon Commercial Bank Representative ,Democratic People's Republic of Korea,
CFi.014,INDIVIDUAL,BI SIDI,SOULEMAN,,,CAR,"President and self-proclaimed “general” of the Retour, Réclamation et
                Réhabilitation (3R) ",Central African Republic,
CFi.005,INDIVIDUAL,HABIB,SOUSSOU,,,CAR,Coordinator of anti-Balaka for Lobaye province,Central African Republic,
KPi.064,INDIVIDUAL,CH'OE,SO’K MIN,,,DPRK,Ch’oe So’k-min is an overseas Foreign Trade Bank representative,Democratic People's Republic of Korea,
KPi.052,INDIVIDUAL,RI,SU YONG,,,DPRK,"Official for Korea Ryonbong General Corporation, specializes in acquisition
for DPRK’s defence industries and support to Pyongyang’s military-related sales. Its
procurements also probably support the DPRK’s chemical weapons
programme",Democratic People's Republic of Korea,
QDi.124,INDIVIDUAL,YAZID,SUFAAT,,,Al-Qaida,,Malaysia,
QDi.349,INDIVIDUAL,BAMBANG,SUKIRNO,,,Al-Qaida,,Indonesia,
QDi.187,INDIVIDUAL,ARIS,SUMARSONO,,,Al-Qaida,,Indonesia,
TAi.111,INDIVIDUAL,HAMDULLAH,SUNANI,,,Taliban,"Head of Dar-ul-Efta (Fatwa Department) of Supreme Court under the
Taliban regime",Afghanistan,
KPi.057,INDIVIDUAL,JANG,SUNG NAM,,,DPRK,Chief of an overseas Tangun Trading Corporation branch,Democratic People's Republic of Korea,
QDi.123,INDIVIDUAL,YASSIN,SYAWAL,,,Al-Qaida,,Indonesia,
IRi.041,INDIVIDUAL,ALI AKBAR,TABATABAEI,,,Iran,"Member of the IRGC Qods Force operating under the direction of Qods
Force Commander, Major General Qasem Soleimani who was designated by the UN Security
Council in resolution 1747 (2007) (designated under IRi.039).",Iran (Islamic Republic of),
KPi.025,INDIVIDUAL,KO,TAE HUN,,,DPRK,Tanchon Commercial Bank Representative ,Democratic People's Republic of Korea,
CDi.030,INDIVIDUAL,BOSCO,TAGANDA,,,DRC,,Democratic Republic of the Congo,
TAi.075,INDIVIDUAL,ABDUL RAQIB,TAKHARI,,,Taliban,Minister of Repatriation under the Taliban regime,Afghanistan,
QDi.057,INDIVIDUAL,IBRAHIM,ALI,ABU BAKR,TANTOUSH,Al-Qaida,,Libya,
IQi.056,INDIVIDUAL,SAJIDA,KHAYRALLAH,TILFAH,,Iraq,,Iraq,
KPi.050,INDIVIDUAL,PAK,TO CHUN,,,DPRK,,Democratic People's Republic of Korea,
TAi.168,INDIVIDUAL,QARI,SAIFULLAH,TOKHI,,Taliban,,Afghanistan,
KPi.068,INDIVIDUAL,KIM,TONG CHOL,,,DPRK,"Kim Tong Chol is an overseas Foreign Trade Bank
                representative",Democratic People's Republic of Korea,
KPi.023,INDIVIDUAL,KIM,TONG MY’ONG,,,DPRK,President of Tanchon Commercial Bank ,Democratic People's Republic of Korea,
KPi.046,INDIVIDUAL,KIM,TONG-HO,,,DPRK,"Vietnam Representative for Tanchon Commercial Bank, which is the main DPRK
financial entity for weapons and missile-related sales ",Democratic People's Republic of Korea,
QDi.241,INDIVIDUAL,ANGELO,RAMIREZ,TRINIDAD,,Al-Qaida,,Philippines,
QDi.056,INDIVIDUAL,MOHAMMED,TUFAIL,,,Al-Qaida,,Pakistan,
GBi.011,INDIVIDUAL,MAMADU,TURE,,,GB,Major General,Guinea-Bissau,
QDi.290,INDIVIDUAL,DOKU,KHAMATOVICH,UMAROV,,Al-Qaida,,Russian Federation,
QDi.031,INDIVIDUAL,OMAR,MAHMOUD,UTHMAN,,Al-Qaida,,Jordan,
KPi.078,INDIVIDUAL,RI,U’N SO’NG,,,DPRK,Ri U’n-so’ng is an overseas Korea Unification Development Bank representative,Democratic People's Republic of Korea,
QDi.397,INDIVIDUAL,AYRAT,NASIMOVICH,VAKHITOV,,Al-Qaida,,Russian Federation,
TAi.034,INDIVIDUAL,ABDUL JALIL,HAQQANI,WALI MOHAMMAD,,Taliban,"Deputy Minister of Foreign Affairs under the Taliban
regime",Afghanistan,
TAi.070,INDIVIDUAL,ATIQULLAH,WALI MOHAMMAD,,,Taliban,"Director of Foreign Relations, Kandahar Province under the Taliban
regime",Afghanistan,
TAi.095,INDIVIDUAL,WALIJAN,,,,Taliban,Governor of Jawzjan Province under the Taliban regime,Afghanistan,
TAi.129,INDIVIDUAL,NAZIRULLAH,HANAFI,WALIULLAH,,Taliban,"Commercial Attache, Taliban Embassy, Islamabad,
Pakistan",Afghanistan,
TAi.082,INDIVIDUAL,ABDUL-HAQ,WASSIQ,,,Taliban,"Deputy Minister of Security (Intelligence) under the Taliban
regime",Afghanistan,
TAi.085,INDIVIDUAL,AHMED JAN,AKHUNDZADA,WAZIR,,Taliban,"Minister of Water and Electricity under the Taliban
regime",Afghanistan,
TAi.039,INDIVIDUAL,MOHAMMAD JAWAD,WAZIRI,,,Taliban,"UN Department, Ministry of Foreign Affairs under the Taliban
regime",Afghanistan,
SSi.004,INDIVIDUAL,SANTINO,DENG,WOL,,SouthSudan,Commander of the SPLA’s Third Division,,
KPi.072,INDIVIDUAL,PAE,WON UK,,,DPRK,Pae Won Uk is an overseas Daesong Bank representative,Democratic People's Republic of Korea,
TAi.022,INDIVIDUAL,UBAIDULLAH,AKHUND,YAR MOHAMMAD AKHUND,,Taliban,Minister of Defence under the Taliban regime,Afghanistan,
QDi.037,INDIVIDUAL,ABDUL RAHMAN,YASIN,,,Al-Qaida,,United States of America,
CFi.004,INDIVIDUAL,ALFRED,YEKATOM,,,CAR,Chief Corporal of the Forces Armées Centrafricaines (FACA),Central African Republic,
QDi.261,INDIVIDUAL,ADEM,YILMAZ,,,Al-Qaida,,Turkey,
KPi.041,INDIVIDUAL,CHO,YON CHUN,,,DPRK,"Vice Director of the Organization and Guidance Department, which directs
key personnel appointments for the Workers’ Party of Korea and the DPRK’s military ",Democratic People's Republic of Korea,
KPi.024,INDIVIDUAL,KIM,YONG CHOL,,,DPRK,KOMID Representative,Democratic People's Republic of Korea,
KPi.053,INDIVIDUAL,RI,YONG MU,,,DPRK,"Ri Yong Mu is a Vice Chairman of the State Affairs Commission, which
directs and guides all DPRK’s military, defence, and security-related affairs,
including acquisition and procurement",Democratic People's Republic of Korea,
KPi.063,INDIVIDUAL,PAK,YONG SIK,,,DPRK,"Member of the Workers’ Party of Korea Central Military
                Commission",Democratic People's Republic of Korea,
KPi.017,INDIVIDUAL,JANG,YONG SON,,,DPRK,"Korea Mining Development Trading Corporation (KOMID)
                Representative",Democratic People's Republic of Korea,
KPi.043,INDIVIDUAL,JO,YONG-WON,,,DPRK,"Vice Director of the Worker's Party of Korea's Organization and Guidance
Department, which directs key personnel appointments for the Workers’ Party of Korea
and the DPRK’s military",Democratic People's Republic of Korea,
CFi.006,INDIVIDUAL,OUMAR,YOUNOUS ABDOULAY,,,CAR,Former Séléka General,Sudan,
KPi.005,INDIVIDUAL,HAN,YU-RO,,,DPRK,"Director of Korea Ryongaksan General Trading
Corporation",Democratic People's Republic of Korea,
KPi.080,INDIVIDUAL,TSANG,YUNG YUAN,,,DPRK,,,
QDi.198,INDIVIDUAL,HANI,AL-SAYYID,AL-SEBAI,YUSIF,Al-Qaida,,Egypt,
YEi.006,INDIVIDUAL,SULTAN,SALEH,AIDA AIDA,ZABIN,Yemen,"Director, or General Manager, of the Criminal Investigation Department
                (CID), Sana’a based ministry of interior, in Sana’a, Yemen ",Yemen,
TAi.171,INDIVIDUAL,MUHAMMAD,OMAR,,ZADRAN,Taliban,,,
TAi.033,INDIVIDUAL,ABDUL RAHMAN,ZAHED,,,Taliban,"Deputy Minister of Foreign Affairs under the Taliban
regime",Afghanistan,
IRi.042,INDIVIDUAL,MOHAMMAD REZA,ZAHEDI,,,Iran,Brigadier General,,
TAi.127,INDIVIDUAL,MOHAMMAD,ZAHID,,,Taliban,"Third Secretary, Taliban Embassy, Islamabad, Pakistan",Afghanistan,
TAi.164,INDIVIDUAL,ABDUL RAUF,ZAKIR,,,Taliban,,Afghanistan,
QDi.139,INDIVIDUAL,IMED,BEN MEKKI,ZARKAOUI,,Al-Qaida,,Tunisia,
QDi.428,INDIVIDUAL,JAMAL,HUSSEIN,HASSAN,ZEINIYE,Al-Qaida,,Syrian Arab Republic,
QDi.001,INDIVIDUAL,MOHAMMED,SALAHALDIN,ABD EL HALIM,ZIDANE,Al-Qaida,,Egypt,
CDi.031,INDIVIDUAL,INNOCENT,ZIMURINDA,,,DRC,"M23, Bde Comd, Rank: Colonel",Democratic Republic of the Congo,
LYi.020,INDIVIDUAL,ABDELHAFIZ,ZLITNI,,,Libya,"Minister for Planning and Finance in Colonel Qadhafi's
Government.",,
QDi.223,INDIVIDUAL,MERAI,ABDEFATTAH,KHALIL,ZOGHBI,Al-Qaida,,Libya,
IRi.043,INDIVIDUAL,MOHAMMAD BAQER,ZOLQADR,,,Iran,General,,
IQi.009,INDIVIDUAL,MUHAMMAD,HAMZA,ZUBAIDI,,Iraq,,Iraq,
LYi.023,INDIVIDUAL,Ahmad,Oumar,Imhamad,al-Fitouri,Libya,"Commander of the Anas al-Dabbashi militia, Leader of a transnational trafficking network",Libya,
LYi.026,INDIVIDUAL,Abd,Al-Rahman,al-Milad,,Libya,Commander of the Coast Guard in Zawiya,Libya,
QDi.426,INDIVIDUAL,Amir,Muhammad Sa’id,Abdal-Rahman,al-Salbi,Al-Qaida,,Iraq,
TAi.153,INDIVIDUAL,FAIZULLAH,KHAN,NOORZAI,na,Taliban,,Afghanistan,
QDi.289,INDIVIDUAL,SAID JAN,‘ABD AL-SALAM,,,Al-Qaida,,Afghanistan,
KPe.053,ENTITY,PROPAGANDA AND AGITATION DEPARTMENT (PAD),,,,DPRK,,,
IRe.001,ENTITY,7TH OF TIR,,,,Iran,,,
QDe.144,ENTITY,ABDALLAH AZZAM BRIGADES (AAB),,,,Al-Qaida,,,
QDe.001,ENTITY,ABU SAYYAF GROUP,,,,Al-Qaida,,,
IRe.002,ENTITY,ABZAR BORESH KAVEH CO. (BK CO.),,,,Iran,,,
KPe.021,ENTITY,ACADEMY OF NATIONAL DEFENSE SCIENCE,,,,DPRK,,,
CDe.001,ENTITY,ADF,,,,DRC,,,
QDe.069,ENTITY,AFGHAN SUPPORT COMMITTEE (ASC),,,,Al-Qaida,,,
QDe.107,ENTITY,AL FURQAN,,,,Al-Qaida,,,
QDe.139,ENTITY,AL MOUAKAOUNE BIDDAM,,,,Al-Qaida,,,
QDe.140,ENTITY,AL MOULATHAMOUN,,,,Al-Qaida,,,
QDe.141,ENTITY,AL MOURABITOUN,,,,Al-Qaida,,,
QDe.005,ENTITY,AL RASHID TRUST,,,,Al-Qaida,,,
IQe.197,ENTITY,AL WASEL AND BABEL GENERAL TRADING LLC,,,,Iraq,,,
QDe.121,ENTITY,AL-AKHTAR TRUST INTERNATIONAL,,,,Al-Qaida,,,
IQe.204,ENTITY,"AL-BASHAIR TRADING COMPANY, LTD",,,,Iraq,,,
QDe.109,ENTITY,AL-HARAMAIN & AL MASJED AL-AQSA CHARITY FOUNDATION,,,,Al-Qaida,,,
QDe.104,ENTITY,AL-HARAMAIN FOUNDATION (PAKISTAN),,,,Al-Qaida,,,
QDe.116,ENTITY,AL-HARAMAIN FOUNDATION (UNION OF THE COMOROS),,,,Al-Qaida,,,
QDe.110,ENTITY,AL-HARAMAIN: AFGHANISTAN BRANCH,,,,Al-Qaida,,,
QDe.111,ENTITY,AL-HARAMAIN: ALBANIA BRANCH,,,,Al-Qaida,,,
QDe.112,ENTITY,AL-HARAMAIN: BANGLADESH BRANCH,,,,Al-Qaida,,,
QDe.113,ENTITY,AL-HARAMAIN: ETHIOPIA BRANCH,,,,Al-Qaida,,,
QDe.114,ENTITY,AL-HARAMAIN: THE NETHERLANDS BRANCH,,,,Al-Qaida,,,
QDe.105,ENTITY,AL-HARAMAYN FOUNDATION (KENYA),,,,Al-Qaida,,,
QDe.106,ENTITY,AL-HARAMAYN FOUNDATION (TANZANIA),,,,Al-Qaida,,,
QDe.002,ENTITY,AL-ITIHAAD AL-ISLAMIYA / AIAI,,,,Al-Qaida,,,
QDe.157,ENTITY,AL-KAWTHAR MONEY EXCHANGE,,,,Al-Qaida,,,
QDe.137,ENTITY,AL-NUSRAH FRONT FOR THE PEOPLE OF THE LEVANT,,,,Al-Qaida,,,
QDe.004,ENTITY,AL-QAIDA,,,,Al-Qaida,,,
QDe.115,ENTITY,AL-QAIDA IN IRAQ,,,,Al-Qaida,,,
QDe.129,ENTITY,AL-QAIDA IN THE ARABIAN PENINSULA (AQAP),,,,Al-Qaida,,,
SOe.001,ENTITY,AL-SHABAAB,,,,Somalia,,,
IQe.206,ENTITY,ALFA COMPANY LIMITED FOR INTERNATIONAL TRADING AND MARKETING,,,,Iraq,,,
IRe.003,ENTITY,AMIN INDUSTRIAL COMPLEX,,,,Iran,,,
IRe.004,ENTITY,AMMUNITION AND METALLURGY INDUSTRIES GROUP (AMIG),,,,Iran,,,
KPe.009,ENTITY,AMROGGANG DEVELOPMENT BANKING CORPORATION,,,,DPRK,,,
QDe.146,ENTITY,ANSAR AL CHARIA BENGHAZI,,,,Al-Qaida,,,
QDe.145,ENTITY,ANSAR AL CHARIA DERNA,,,,Al-Qaida,,,
QDe.098,ENTITY,ANSAR AL-ISLAM,,,,Al-Qaida,,,
QDe.143,ENTITY,ANSAR AL-SHARI’A IN TUNISIA (AAS-T),,,,Al-Qaida,,,
QDe.135,ENTITY,ANSAR EDDINE,,,,Al-Qaida,,,
QDe.142,ENTITY,ANSARUL MUSLIMINA FI BILADIS SUDAN,,,,Al-Qaida,,,
IRe.005,ENTITY,ARMAMENT INDUSTRIES GROUP (AIG),,,,Iran,,,
QDe.006,ENTITY,ARMED ISLAMIC GROUP,,,,Al-Qaida,,,
QDe.007,ENTITY,ASBAT AL-ANSAR,,,,Al-Qaida,,,
IQe.199,ENTITY,AVIATRANS ANSTALT,,,,Iraq,,,
IQe.203,ENTITY,Al-ARABI TRADING COMPANY,,,,Iraq,,,
KPe.013,ENTITY,BANK OF EAST LAND,,,,DPRK,,,
IRe.008,ENTITY,BARZAGANI TEJARAT TAVANMAD SACCAL COMPANIES,,,,Iran,,,
IRe.009,ENTITY,BEHINEH TRADING CO.,,,,Iran,,,
QDe.093,ENTITY,BENEVOLENCE INTERNATIONAL FOUNDATION,,,,Al-Qaida,,,
CDe.002,ENTITY,BUTEMBO AIRLINES (BAL),,,,DRC,,,
KPe.051,ENTITY,"CENTRAL MILITARY COMMISSION OF THE WORKERS’ PARTY OF KOREA
(CMC)",,,,DPRK,,,
KPe.055,ENTITY,CHANG AN SHIPPING & TECHNOLOGY,,,,DPRK,,,
KPe.022,ENTITY,CHONGCHONGANG SHIPPING COMPANY,,,,DPRK,,,
KPe.056,ENTITY,CHONMYONG SHIPPING CO,,,,DPRK,,,
CDe.003,ENTITY,"COMPAGNIE AERIENNE DES GRANDS LACS (CAGL) ; GREAT LAKES BUSINESS
COMPANY (GLBC)",,,,DRC,,,
CDe.004,ENTITY,CONGOMET TRADING HOUSE,,,,DRC,,,
IRe.010,ENTITY,CRUISE MISSILE INDUSTRY GROUP,,,,Iran,,,
KPe.023,ENTITY,DAEDONG CREDIT BANK (DCB),,,,DPRK,,,
KPe.040,ENTITY,DCB FINANCE LIMITED,,,,DPRK,,,
IRe.011,ENTITY,DEFENCE INDUSTRIES ORGANISATION (DIO),,,,Iran,,,
IRe.012,ENTITY,DEFENSE TECHNOLOGY AND SCIENCE RESEARCH CENTER (DTSRC),,,,Iran,,,
IRe.013,ENTITY,DOOSTAN INTERNATIONAL COMPANY (DICO),,,,Iran,,,
QDe.088,ENTITY,EASTERN TURKISTAN ISLAMIC MOVEMENT (ETIM),,,,Al-Qaida,,,
QDe.003,ENTITY,EGYPTIAN ISLAMIC JIHAD,,,,Al-Qaida,,,
IRe.014,ENTITY,ELECTRO SANAM COMPANY,,,,Iran,,,
QDe.131,ENTITY,EMARAT KAVKAZ,,,,Al-Qaida,,,
IRe.016,ENTITY,ETTEHAD TECHNICAL GROUP,,,,Iran,,,
IRe.017,ENTITY,FAJR INDUSTRIAL GROUP,,,,Iran,,,
IRe.018,ENTITY,FARASAKHT INDUSTRIES,,,,Iran,,,
IRe.019,ENTITY,FARAYAND TECHNIQUE,,,,Iran,,,
IRe.020,ENTITY,FATER INSTITUTE,,,,Iran,,,
KPe.057,ENTITY,FIRST OIL JV CO LTD,,,,DPRK,,,
CDe.005,ENTITY,FORCES DEMOCRATIQUES DE LIBERATION DU RWANDA (FDLR),,,,DRC,,,
KPe.047,ENTITY,FOREIGN TRADE BANK (FTB),,,,DPRK,,,
KPe.007,ENTITY,GENERAL BUREAU OF ATOMIC ENERGY (GBAE),,,,DPRK,,,
IRe.022,ENTITY,GHARAGAHE SAZANDEGI GHAEM,,,,Iran,,,
IRe.023,ENTITY,GHORB KARBALA,,,,Iran,,,
IRe.024,ENTITY,GHORB NOOH,,,,Iran,,,
QDe.091,ENTITY,GLOBAL RELIEF FOUNDATION (GRF),,,,Al-Qaida,,,
KPe.010,ENTITY,GREEN PINE ASSOCIATED CORPORATION,,,,DPRK,,,
TAe.014,ENTITY,HAJI BASIR AND ZARJMIL COMPANY HAWALA,,,,Taliban,,,
TAe.010,ENTITY,HAJI KHAIRULLAH HAJI SATTAR MONEY EXCHANGE,,,,Taliban,,,
QDe.153,ENTITY,"HANIFA MONEY EXCHANGE OFFICE (BRANCH LOCATED IN ALBU KAMAL,
SYRIAN ARAB REPUBLIC)",,,,Al-Qaida,,,
KPe.058,ENTITY,HAPJANGGANG SHIPPING CORP,,,,DPRK,,,
TAe.012,ENTITY,HAQQANI NETWORK (HQN),,,,Taliban,,,
IRe.025,ENTITY,HARA COMPANY,,,,Iran,,,
QDe.149,ENTITY,HARAKAT SHAM AL-ISLAM,,,,Al-Qaida,,,
QDe.008,ENTITY,HARAKAT UL-MUJAHIDIN / HUM,,,,Al-Qaida,,,
QDe.130,ENTITY,HARAKAT-UL JIHAD ISLAMI,,,,Al-Qaida,,,
KPe.024,ENTITY,HESONG TRADING COMPANY,,,,DPRK,,,
QDe.147,ENTITY,HILAL AHMAR SOCIETY INDONESIA (HASI),,,,Al-Qaida,,,
KPe.005,ENTITY,HONG KONG ELECTRONICS,,,,DPRK,,,
KPe.059,ENTITY,HUAXIN SHIPPING HONGKONG LTD,,,,DPRK,,,
IQe.049,ENTITY,IDLEB COMPANY FOR SPINNING,,,,Iraq,,,
KPe.034,ENTITY,ILSIM INTERNATIONAL BANK,,,,DPRK,,,
IRe.026,ENTITY,IMENSAZAN CONSULTANT ENGINEERS INSTITUTE,,,,Iran,,,
IRe.027,ENTITY,INDUSTRIAL FACTORIES OF PRECISION (IFP) MACHINERY,,,,Iran,,,
QDe.009,ENTITY,ISLAMIC ARMY OF ADEN,,,,Al-Qaida,,,
QDe.099,ENTITY,ISLAMIC INTERNATIONAL BRIGADE (IIB),,,,Al-Qaida,,,
QDe.119,ENTITY,ISLAMIC JIHAD GROUP,,,,Al-Qaida,,,
QDe.010,ENTITY,ISLAMIC MOVEMENT OF UZBEKISTAN,,,,Al-Qaida,,,
QDe.161,ENTITY,ISLAMIC STATE IN IRAQ AND THE LEVANT - KHORASAN (ISIL-K),,,,Al-Qaida,,,
QDe.165,ENTITY,ISLAMIC STATE IN IRAQ AND THE LEVANT - LIBYA,,,,Al-Qaida,,,
QDe.166,ENTITY,ISLAMIC STATE IN IRAQ AND THE LEVANT - YEMEN,,,,Al-Qaida,,,
QDe.163,ENTITY,ISLAMIC STATE IN THE GREATER SAHARA (ISGS),,,,Al-Qaida,,,
QDe.162,ENTITY,ISLAMIC STATE WEST AFRICA PROVINCE (ISWAP),,,,Al-Qaida,,,
QDe.019,ENTITY,JAISH-I-MOHAMMED,,,,Al-Qaida,,,
QDe.020,ENTITY,JAM'YAH TA'AWUN AL-ISLAMIA,,,,Al-Qaida,,,
QDe.159,ENTITY,JAMA'A NUSRAT UL-ISLAM WA AL-MUSLIMIN (JNIM),,,,Al-Qaida,,,
QDe.138,ENTITY,JAMA'ATU AHLIS SUNNA LIDDA'AWATI WAL-JIHAD,,,,Al-Qaida,,,
QDe.164,ENTITY,JAMAAH ANSHARUT DAULAH,,,,Al-Qaida,,,
QDe.152,ENTITY,JAMAAT-UL-AHRAR (JuA),,,,Al-Qaida,,,
QDe.092,ENTITY,JEMAAH ISLAMIYAH,,,,Al-Qaida,,,
QDe.133,ENTITY,JEMMAH ANSHORUT TAUHID (JAT),,,,Al-Qaida,,,
IRe.031,ENTITY,JOZA INDUSTRIAL CO.,,,,Iran,,,
QDe.156,ENTITY,JUND AL AQSA,,,,Al-Qaida,,,
QDe.151,ENTITY,JUND AL-KHILAFAH IN ALGERIA (JAK-A),,,,Al-Qaida,,,
QDe.167,ENTITY,JUND AL-KHILAFAH IN TUNISIA (JAK-T),,,,Al-Qaida,,,
QDe.155,ENTITY,Jaysh Khalid Ibn al Waleed,,,,Al-Qaida,,,
IRe.032,ENTITY,KALA-ELECTRIC,,,,Iran,,,
KPe.043,ENTITY,KANGBONG TRADING CORPORATION,,,,DPRK,,,
IRe.034,ENTITY,KAVEH CUTTING TOOLS COMPANY,,,,Iran,,,
IRe.036,ENTITY,KHATAM AL-ANBIYA CONSTRUCTION HEADQUARTERS (KAA),,,,Iran,,,
QDe.168,ENTITY,KHATIBA AL-TAWHID WAL-JIHAD (KTJ),,,,Al-Qaida,,,
QDe.158,ENTITY,KHATIBA IMAM AL-BUKHARI (KIB),,,,Al-Qaida,,,
IRe.037,ENTITY,KHORASAN METALLURGY INDUSTRIES,,,,Iran,,,
KPe.060,ENTITY,"KINGLY WON INTERNATIONAL CO., LTD",,,,DPRK,,,
KPe.061,ENTITY,KOREA ACHIM SHIPPING CO,,,,DPRK,,,
KPe.062,ENTITY,KOREA ANSAN SHIPPING COMPANY,,,,DPRK,,,
KPe.019,ENTITY,KOREA COMPLEX EQUIPMENT IMPORT CORPORATION,,,,DPRK,,,
KPe.035,ENTITY,KOREA DAESONG BANK,,,,DPRK,,,
KPe.042,ENTITY,KOREA DAESONG GENERAL TRADING CORPORATION,,,,DPRK,,,
KPe.037,ENTITY,KOREA FOREIGN TECHNICAL TRADE CENTER,,,,DPRK,,,
KPe.011,ENTITY,KOREA HEUNGJIN TRADING COMPANY,,,,DPRK,,,
KPe.006,ENTITY,KOREA HYOKSIN TRADING CORPORATION,,,,DPRK,,,
KPe.039,ENTITY,KOREA INTERNATIONAL CHEMICAL JOINT VENTURE COMPANY,,,,DPRK,,,
KPe.014,ENTITY,KOREA KUMRYONG TRADING CORPORATION,,,,DPRK,,,
KPe.044,ENTITY,KOREA KUMSAN TRADING CORPORATION,,,,DPRK,,,
KPe.025,ENTITY,KOREA KWANGSON BANKING CORPORATION (KKBC),,,,DPRK,,,
KPe.026,ENTITY,KOREA KWANGSONG TRADING CORPORATION,,,,DPRK,,,
KPe.001,ENTITY,KOREA MINING DEVELOPMENT TRADING CORPORATION,,,,DPRK,,,
KPe.063,ENTITY,KOREA MYONGDOK SHIPPING CO,,,,DPRK,,,
KPe.038,ENTITY,KOREA PUGANG TRADING CORPORATION,,,,DPRK,,,
KPe.002,ENTITY,KOREA RYONBONG GENERAL CORPORATION,,,,DPRK,,,
KPe.016,ENTITY,KOREA RYONHA MACHINERY JOINT VENTURE CORPORATION,,,,DPRK,,,
KPe.064,ENTITY,KOREA SAMJONG SHIPPING,,,,DPRK,,,
KPe.065,ENTITY,KOREA SAMMA SHIPPING CO,,,,DPRK,,,
KPe.041,ENTITY,KOREA TAESONG TRADING COMPANY,,,,DPRK,,,
KPe.033,ENTITY,KOREA UNITED DEVELOPMENT BANK,,,,DPRK,,,
KPe.066,ENTITY,KOREA YUJONG SHIPPING CO LTD,,,,DPRK,,,
KPe.012,ENTITY,KOREAN COMMITTEE FOR SPACE TECHNOLOGY,,,,DPRK,,,
KPe.048,ENTITY,KOREAN NATIONAL INSURANCE COMPANY (KNIC),,,,DPRK,,,
KPe.008,ENTITY,KOREAN TANGUN TRADING CORPORATION,,,,DPRK,,,
KPe.045,ENTITY,KORYO BANK,,,,DPRK,,,
KPe.049,ENTITY,KORYO CREDIT DEVELOPMENT BANK,,,,DPRK,,,
KPe.067,ENTITY,KOTI CORP,,,,DPRK,,,
QDe.096,ENTITY,LASHKAR I JHANGVI (LJ),,,,Al-Qaida,,,
QDe.118,ENTITY,LASHKAR-E-TAYYIBA,,,,Al-Qaida,,,
KPe.017,ENTITY,LEADER (HONG KONG) INTERNATIONAL,,,,DPRK,,,
LYe.002,ENTITY,LIBYAN AFRICA INVESTMENT PORTFOLIO,,,,Libya,,,
LYe.001,ENTITY,LIBYAN INVESTMENT AUTHORITY,,,,Libya,,,
QDe.011,ENTITY,LIBYAN ISLAMIC FIGHTING GROUP,,,,Al-Qaida,,,
IQe.200,ENTITY,LOGARCHEO S.A.,,,,Iraq,,,
CFe.002,ENTITY,LORD’S RESISTANCE ARMY,,,,CAR,,,
IRe.038,ENTITY,M. BABAIE INDUSTRIES,,,,Iran,,,
CDe.006,ENTITY,M23,,,,DRC,,,
CDe.007,ENTITY,MACHANGA LTD,,,,DRC,,,
QDe.012,ENTITY,MAKHTAB AL-KHIDAMAT,,,,Al-Qaida,,,
IRe.039,ENTITY,MAKIN,,,,Iran,,,
IRe.040,ENTITY,MALEK ASHTAR UNIVERSITY,,,,Iran,,,
KPe.050,ENTITY,MANSUDAE OVERSEAS PROJECT GROUP OF COMPANIES,,,,DPRK,,,
KPe.027,ENTITY,MINISTRY OF ATOMIC ENERGY INDUSTRY,,,,DPRK,,,
IRe.042,ENTITY,MINISTRY OF DEFENSE LOGISTICS EXPORT,,,,Iran,,,
KPe.054,ENTITY,MINISTRY OF THE PEOPLE’S ARMED FORCES (MPAF),,,,DPRK,,,
IRe.043,ENTITY,MIZAN MACHINERY MANUFACTURING,,,,Iran,,,
QDe.089,ENTITY,MOROCCAN ISLAMIC COMBATANT GROUP,,,,Al-Qaida,,,
QDe.134,ENTITY,"MOUVEMENT POUR
                                                  L’UNIFICATION ET LE JIHAD EN AFRIQUE DE L’OUEST
                                                  (MUJAO)",,,,Al-Qaida,,,
QDe.136,ENTITY,MUHAMMAD JAMAL NETWORK (MJN),,,,Al-Qaida,,,
QDe.150,ENTITY,MUJAHIDIN INDONESIAN TIMUR (MIT),,,,Al-Qaida,,,
KPe.028,ENTITY,MUNITIONS INDUSTRY DEPARTMENT,,,,DPRK,,,
KPe.068,ENTITY,MYOHYANG SHIPPING CO,,,,DPRK,,,
KPe.004,ENTITY,NAMCHONGANG TRADING CORPORATION,,,,DPRK,,,
KPe.029,ENTITY,NATIONAL AEROSPACE DEVELOPMENT ADMINISTRATION,,,,DPRK,,,
IRe.045,ENTITY,NIRU BATTERY MANUFACTURING COMPANY,,,,Iran,,,
KPe.020,ENTITY,"OCEAN MARITIME MANAGEMENT COMPANY, LIMITED (OMM)",,,,DPRK,,,
KPe.030,ENTITY,OFFICE 39,,,,DPRK,,,
IRe.048,ENTITY,OMRAN SAHEL,,,,Iran,,,
KPe.052,ENTITY,ORGANIZATION AND GUIDANCE DEPARTMENT (OGD),,,,DPRK,,,
IRe.049,ENTITY,ORIENTAL OIL KISH,,,,Iran,,,
KPe.069,ENTITY,PAEKMA SHIPPING CO,,,,DPRK,,,
IRe.050,ENTITY,PARCHIN CHEMICAL INDUSTRIES,,,,Iran,,,
IRe.051,ENTITY,PARS AVIATION SERVICES COMPANY,,,,Iran,,,
IRe.053,ENTITY,PEJMAN INDUSTRIAL SERVICES CORPORATION,,,,Iran,,,
KPe.070,ENTITY,PHYONGCHON SHIPPING & MARINE,,,,DPRK,,,
KPe.071,ENTITY,PRO-GAIN GROUP CORPORATION,,,,DPRK,,,
IRe.055,ENTITY,QODS AERONAUTICS INDUSTRIES,,,,Iran,,,
QDe.021,ENTITY,RABITA TRUST,,,,Al-Qaida,,,
IRe.056,ENTITY,RAH SAHEL,,,,Iran,,,
IRe.057,ENTITY,RAHAB ENGINEERING INSTITUTE,,,,Iran,,,
TAe.013,ENTITY,RAHAT LTD.,,,,Taliban,,,
QDe.128,ENTITY,RAJAH SOLAIMAN MOVEMENT,,,,Al-Qaida,,,
KPe.031,ENTITY,RECONNAISSANCE GENERAL BUREAU,,,,DPRK,,,
QDe.070,ENTITY,REVIVAL OF ISLAMIC HERITAGE SOCIETY,,,,Al-Qaida,,,
QDe.100,ENTITY,RIYADUS-SALIKHIN RECONNAISSANCE AND SABOTAGE BATTALION OF CHECHEN MARTYRS (RSRSBCM),,,,Al-Qaida,,,
TAe.011,ENTITY,ROSHAN MONEY EXCHANGE,,,,Taliban,,,
IRe.058,ENTITY,SABALAN COMPANY,,,,Iran,,,
IRe.059,ENTITY,SAD IMPORT EXPORT COMPANY,,,,Iran,,,
IRe.060,ENTITY,SAFETY EQUIPMENT PROCUREMENT (SEP),,,,Iran,,,
IRe.061,ENTITY,SAHAND ALUMINUM PARTS INDUSTRIAL COMPANY (SAPICO),,,,Iran,,,
IRe.062,ENTITY,SAHEL CONSULTANT ENGINEERS,,,,Iran,,,
IRe.063,ENTITY,SANAM INDUSTRIAL GROUP,,,,Iran,,,
KPe.018,ENTITY,SECOND ACADEMY OF NATURAL SCIENCES,,,,DPRK,,,
KPe.032,ENTITY,SECOND ECONOMIC COMMITTEE,,,,DPRK,,,
QDe.154,ENTITY,SELSELAT AL-THAHAB,,,,Al-Qaida,,,
IRe.064,ENTITY,SEPANIR,,,,Iran,,,
IRe.065,ENTITY,SEPASAD ENGINEERING COMPANY,,,,Iran,,,
IRe.066,ENTITY,SHAHID BAGHERI INDUSTRIAL GROUP (SBIG),,,,Iran,,,
IRe.067,ENTITY,SHAHID HEMMAT INDUSTRIAL GROUP (SHIG),,,,Iran,,,
IRe.068,ENTITY,SHAHID KARRAZI INDUSTRIES,,,,Iran,,,
IRe.069,ENTITY,SHAHID SATTARI INDUSTRIES,,,,Iran,,,
IRe.070,ENTITY,SHAHID SAYYADE SHIRAZI INDUSTRIES (SSSI),,,,Iran,,,
KPe.072,ENTITY,SHANGHAI DONGFENG SHIPPING CO LTD,,,,DPRK,,,
KPe.073,ENTITY,SHEN ZHONG INTERNATIONAL SHIPPING,,,,DPRK,,,
IRe.071,ENTITY,SHO'A' AVIATION,,,,Iran,,,
KPe.036,ENTITY,SINGWANG ECONOMICS AND TRADING GENERAL CORPORATION,,,,DPRK,,,
IRe.073,ENTITY,SPECIAL INDUSTRIES GROUP (SIG),,,,Iran,,,
QDe.101,ENTITY,SPECIAL PURPOSE ISLAMIC REGIMENT (SPIR),,,,Al-Qaida,,,
KPe.046,ENTITY,STRATEGIC ROCKET FORCE OF THE KOREAN PEOPLE’S ARMY,,,,DPRK,,,
IQe.208,ENTITY,T.M.G. ENGINEERING LIMITED,,,,Iraq,,,
QDe.108,ENTITY,TAIBAH INTERNATIONAL-BOSNIA OFFICES,,,,Al-Qaida,,,
KPe.003,ENTITY,TANCHON COMMERCIAL BANK,,,,DPRK,,,
QDe.160,ENTITY,TARIQ GIDAR GROUP (TGG),,,,Al-Qaida,,,
IQe.207,ENTITY,TECHNOLOGY AND DEVELOPMENT GROUP LIMITED,,,,Iraq,,,
QDe.132,ENTITY,TEHRIK-E TALIBAN PAKISTAN (TTP),,,,Al-Qaida,,,
QDe.148,ENTITY,THE ARMY OF EMIGRANTS AND SUPPORTERS,,,,Al-Qaida,,,
YEe.001,ENTITY,THE HOUTHIS,,,,Yemen,,,
QDe.014,ENTITY,THE ORGANIZATION OF AL-QAIDA IN THE ISLAMIC MAGHREB,,,,Al-Qaida,,,
IRe.075,ENTITY,TIZ PARS,,,,Iran,,,
KPe.015,ENTITY,TOSONG TECHNOLOGY TRADING CORPORATION,,,,DPRK,,,
CDe.008,ENTITY,TOUS POUR LA PAIX ET LE DEVELOPPEMENT (NGO),,,,DRC,,,
IQe.205,ENTITY,"TRADING AND TRANSPORT SERVICES COMPANY, LTD",,,,Iraq,,,
QDe.090,ENTITY,TUNISIAN COMBATANT GROUP,,,,Al-Qaida,,,
CDe.009,ENTITY,UGANDA COMMERCIAL IMPEX (UCI) LTD,,,,DRC,,,
QDe.068,ENTITY,UMMAH TAMEER E-NAU (UTN),,,,Al-Qaida,,,
QDe.015,ENTITY,WAFA HUMANITARIAN ORGANIZATION,,,,Al-Qaida,,,
KPe.074,ENTITY,WEIHAI WORLD-SHIPPING FREIGHT,,,,DPRK,,,
IRe.076,ENTITY,YA MAHDI INDUSTRIES GROUP,,,,Iran,,,
IRe.077,ENTITY,YAS AIR,,,,Iran,,,
IRe.078,ENTITY,YAZD METALLURGY INDUSTRIES (YMI),,,,Iran,,,
KPe.075,ENTITY,YUK TUNG ENERGY PTE LTD,,,,DPRK,,,
